DATA,,,,
key,data,,,
token_name,Genopets,,,
token_symbol,GENE,,,
start_date,19/11/2021,,,
start_tokens,100000000,,,
emission_schedule,1D,,,
emission_type,linear_unlock,,,
emission_incentive,,,,
DISTRIBUTION,,,,
entity,private sale,public sale,team & advisors,community treasure and P2E
type,percentage,percentage,percentage,percentage
group,investors,public,team,community
emission,unlock,unlock,unlock,unlock
allocation,32.5,1.5,25,41
t000,0.000000,1.500000,0.000000,2.000000
t001,0.000000,1.500000,0.000000,2.021358
t002,0.000000,1.500000,0.000000,2.042716
t003,0.000000,1.500000,0.000000,2.064074
t004,0.000000,1.500000,0.000000,2.085433
t005,0.000000,1.500000,0.000000,2.106791
t006,0.000000,1.500000,0.000000,2.128149
t007,0.000000,1.500000,0.000000,2.149507
t008,0.000000,1.500000,0.000000,2.170865
t009,0.000000,1.500000,0.000000,2.192223
t010,0.000000,1.500000,0.000000,2.213582
t011,0.000000,1.500000,0.000000,2.234940
t012,0.000000,1.500000,0.000000,2.256298
t013,0.000000,1.500000,0.000000,2.277656
t014,0.000000,1.500000,0.000000,2.299014
t015,0.000000,1.500000,0.000000,2.320372
t016,0.000000,1.500000,0.000000,2.341731
t017,0.000000,1.500000,0.000000,2.363089
t018,0.000000,1.500000,0.000000,2.384447
t019,0.000000,1.500000,0.000000,2.405805
t020,0.000000,1.500000,0.000000,2.427163
t021,0.000000,1.500000,0.000000,2.448521
t022,0.000000,1.500000,0.000000,2.469880
t023,0.000000,1.500000,0.000000,2.491238
t024,0.000000,1.500000,0.000000,2.512596
t025,0.000000,1.500000,0.000000,2.533954
t026,0.000000,1.500000,0.000000,2.555312
t027,0.000000,1.500000,0.000000,2.576670
t028,0.000000,1.500000,0.000000,2.598028
t029,0.000000,1.500000,0.000000,2.619387
t030,0.000000,1.500000,0.000000,2.640745
t031,0.000000,1.500000,0.000000,2.662103
t032,0.000000,1.500000,0.000000,2.683461
t033,0.000000,1.500000,0.000000,2.704819
t034,0.000000,1.500000,0.000000,2.726177
t035,0.000000,1.500000,0.000000,2.747536
t036,0.000000,1.500000,0.000000,2.768894
t037,0.000000,1.500000,0.000000,2.790252
t038,0.000000,1.500000,0.000000,2.811610
t039,0.000000,1.500000,0.000000,2.832968
t040,0.000000,1.500000,0.000000,2.854326
t041,0.000000,1.500000,0.000000,2.875685
t042,0.000000,1.500000,0.000000,2.897043
t043,0.000000,1.500000,0.000000,2.918401
t044,0.000000,1.500000,0.000000,2.939759
t045,0.000000,1.500000,0.000000,2.961117
t046,0.000000,1.500000,0.000000,2.982475
t047,0.000000,1.500000,0.000000,3.003834
t048,0.000000,1.500000,0.000000,3.025192
t049,0.000000,1.500000,0.000000,3.046550
t050,0.000000,1.500000,0.000000,3.067908
t051,0.000000,1.500000,0.000000,3.089266
t052,0.000000,1.500000,0.000000,3.110624
t053,0.000000,1.500000,0.000000,3.131982
t054,0.000000,1.500000,0.000000,3.153341
t055,0.000000,1.500000,0.000000,3.174699
t056,0.000000,1.500000,0.000000,3.196057
t057,0.000000,1.500000,0.000000,3.217415
t058,0.000000,1.500000,0.000000,3.238773
t059,0.000000,1.500000,0.000000,3.260131
t060,0.000000,1.500000,0.000000,3.281490
t061,0.000000,1.500000,0.000000,3.302848
t062,0.000000,1.500000,0.000000,3.324206
t063,0.000000,1.500000,0.000000,3.345564
t064,0.000000,1.500000,0.000000,3.366922
t065,0.000000,1.500000,0.000000,3.388280
t066,0.000000,1.500000,0.000000,3.409639
t067,0.000000,1.500000,0.000000,3.430997
t068,0.000000,1.500000,0.000000,3.452355
t069,0.000000,1.500000,0.000000,3.473713
t070,0.000000,1.500000,0.000000,3.495071
t071,0.000000,1.500000,0.000000,3.516429
t072,0.000000,1.500000,0.000000,3.537788
t073,0.000000,1.500000,0.000000,3.559146
t074,0.000000,1.500000,0.000000,3.580504
t075,0.000000,1.500000,0.000000,3.601862
t076,0.000000,1.500000,0.000000,3.623220
t077,0.000000,1.500000,0.000000,3.644578
t078,0.000000,1.500000,0.000000,3.665936
t079,0.000000,1.500000,0.000000,3.687295
t080,0.000000,1.500000,0.000000,3.708653
t081,0.000000,1.500000,0.000000,3.730011
t082,0.000000,1.500000,0.000000,3.751369
t083,0.000000,1.500000,0.000000,3.772727
t084,0.000000,1.500000,0.000000,3.794085
t085,0.000000,1.500000,0.000000,3.815444
t086,0.000000,1.500000,0.000000,3.836802
t087,0.000000,1.500000,0.000000,3.858160
t088,0.000000,1.500000,0.000000,3.879518
t089,0.000000,1.500000,0.000000,3.900876
t090,0.000000,1.500000,0.000000,3.922234
t091,0.000000,1.500000,0.000000,3.943593
t092,0.000000,1.500000,0.000000,3.964951
t093,0.000000,1.500000,0.000000,3.986309
t094,0.000000,1.500000,0.000000,4.007667
t095,0.000000,1.500000,0.000000,4.029025
t096,0.000000,1.500000,0.000000,4.050383
t097,0.000000,1.500000,0.000000,4.071742
t098,0.000000,1.500000,0.000000,4.093100
t099,0.000000,1.500000,0.000000,4.114458
t100,0.000000,1.500000,0.000000,4.135816
t101,0.000000,1.500000,0.000000,4.157174
t102,0.000000,1.500000,0.000000,4.178532
t103,0.000000,1.500000,0.000000,4.199890
t104,0.000000,1.500000,0.000000,4.221249
t105,0.000000,1.500000,0.000000,4.242607
t106,0.000000,1.500000,0.000000,4.263965
t107,0.000000,1.500000,0.000000,4.285323
t108,0.000000,1.500000,0.000000,4.306681
t109,0.000000,1.500000,0.000000,4.328039
t110,0.000000,1.500000,0.000000,4.349398
t111,0.000000,1.500000,0.000000,4.370756
t112,0.000000,1.500000,0.000000,4.392114
t113,0.000000,1.500000,0.000000,4.413472
t114,0.000000,1.500000,0.000000,4.434830
t115,0.000000,1.500000,0.000000,4.456188
t116,0.000000,1.500000,0.000000,4.477547
t117,0.000000,1.500000,0.000000,4.498905
t118,0.000000,1.500000,0.000000,4.520263
t119,0.000000,1.500000,0.000000,4.541621
t120,0.000000,1.500000,0.000000,4.562979
t121,0.000000,1.500000,0.000000,4.584337
t122,0.000000,1.500000,0.000000,4.605696
t123,0.000000,1.500000,0.000000,4.627054
t124,0.000000,1.500000,0.000000,4.648412
t125,0.000000,1.500000,0.000000,4.669770
t126,0.000000,1.500000,0.000000,4.691128
t127,0.000000,1.500000,0.000000,4.712486
t128,0.000000,1.500000,0.000000,4.733844
t129,0.000000,1.500000,0.000000,4.755203
t130,0.000000,1.500000,0.000000,4.776561
t131,0.000000,1.500000,0.000000,4.797919
t132,0.000000,1.500000,0.000000,4.819277
t133,0.000000,1.500000,0.000000,4.840635
t134,0.000000,1.500000,0.000000,4.861993
t135,0.000000,1.500000,0.000000,4.883352
t136,0.000000,1.500000,0.000000,4.904710
t137,0.000000,1.500000,0.000000,4.926068
t138,0.000000,1.500000,0.000000,4.947426
t139,0.000000,1.500000,0.000000,4.968784
t140,0.000000,1.500000,0.000000,4.990142
t141,0.000000,1.500000,0.000000,5.011501
t142,0.000000,1.500000,0.000000,5.032859
t143,0.000000,1.500000,0.000000,5.054217
t144,0.000000,1.500000,0.000000,5.075575
t145,0.000000,1.500000,0.000000,5.096933
t146,0.000000,1.500000,0.000000,5.118291
t147,0.000000,1.500000,0.000000,5.139650
t148,0.000000,1.500000,0.000000,5.161008
t149,0.000000,1.500000,0.000000,5.182366
t150,0.000000,1.500000,0.000000,5.203724
t151,0.000000,1.500000,0.000000,5.225082
t152,0.000000,1.500000,0.000000,5.246440
t153,0.000000,1.500000,0.000000,5.267798
t154,0.000000,1.500000,0.000000,5.289157
t155,0.000000,1.500000,0.000000,5.310515
t156,0.000000,1.500000,0.000000,5.331873
t157,0.000000,1.500000,0.000000,5.353231
t158,0.000000,1.500000,0.000000,5.374589
t159,0.000000,1.500000,0.000000,5.395947
t160,0.000000,1.500000,0.000000,5.417306
t161,0.000000,1.500000,0.000000,5.438664
t162,0.000000,1.500000,0.000000,5.460022
t163,0.000000,1.500000,0.000000,5.481380
t164,0.000000,1.500000,0.000000,5.502738
t165,0.000000,1.500000,0.000000,5.524096
t166,0.000000,1.500000,0.000000,5.545455
t167,0.000000,1.500000,0.000000,5.566813
t168,0.000000,1.500000,0.000000,5.588171
t169,0.000000,1.500000,0.000000,5.609529
t170,0.000000,1.500000,0.000000,5.630887
t171,0.000000,1.500000,0.000000,5.652245
t172,0.000000,1.500000,0.000000,5.673604
t173,0.000000,1.500000,0.000000,5.694962
t174,0.000000,1.500000,0.000000,5.716320
t175,0.000000,1.500000,0.000000,5.737678
t176,0.000000,1.500000,0.000000,5.759036
t177,0.000000,1.500000,0.000000,5.780394
t178,0.000000,1.500000,0.000000,5.801752
t179,0.000000,1.500000,0.000000,5.823111
t180,0.000000,1.500000,0.000000,5.844469
t181,0.000000,1.500000,0.000000,5.865827
t182,0.000000,1.500000,0.000000,5.887185
t183,0.000000,1.500000,0.000000,5.908543
t184,0.000000,1.500000,0.000000,5.929901
t185,0.000000,1.500000,0.000000,5.951260
t186,0.000000,1.500000,0.000000,5.972618
t187,0.000000,1.500000,0.000000,5.993976
t188,0.000000,1.500000,0.000000,6.015334
t189,0.000000,1.500000,0.000000,6.036692
t190,0.000000,1.500000,0.000000,6.058050
t191,0.000000,1.500000,0.000000,6.079409
t192,0.000000,1.500000,0.000000,6.100767
t193,0.000000,1.500000,0.000000,6.122125
t194,0.000000,1.500000,0.000000,6.143483
t195,0.000000,1.500000,0.000000,6.164841
t196,0.000000,1.500000,0.000000,6.186199
t197,0.000000,1.500000,0.000000,6.207558
t198,0.000000,1.500000,0.000000,6.228916
t199,0.000000,1.500000,0.000000,6.250274
t200,0.000000,1.500000,0.000000,6.271632
t201,0.000000,1.500000,0.000000,6.292990
t202,0.000000,1.500000,0.000000,6.314348
t203,0.000000,1.500000,0.000000,6.335706
t204,0.000000,1.500000,0.000000,6.357065
t205,0.000000,1.500000,0.000000,6.378423
t206,0.000000,1.500000,0.000000,6.399781
t207,0.000000,1.500000,0.000000,6.421139
t208,0.000000,1.500000,0.000000,6.442497
t209,0.000000,1.500000,0.000000,6.463855
t210,0.000000,1.500000,0.000000,6.485214
t211,0.000000,1.500000,0.000000,6.506572
t212,0.000000,1.500000,0.000000,6.527930
t213,0.000000,1.500000,0.000000,6.549288
t214,0.000000,1.500000,0.000000,6.570646
t215,0.000000,1.500000,0.000000,6.592004
t216,0.000000,1.500000,0.000000,6.613363
t217,0.000000,1.500000,0.000000,6.634721
t218,0.000000,1.500000,0.000000,6.656079
t219,0.000000,1.500000,0.000000,6.677437
t220,0.000000,1.500000,0.000000,6.698795
t221,0.000000,1.500000,0.000000,6.720153
t222,0.000000,1.500000,0.000000,6.741512
t223,0.000000,1.500000,0.000000,6.762870
t224,0.000000,1.500000,0.000000,6.784228
t225,0.000000,1.500000,0.000000,6.805586
t226,0.000000,1.500000,0.000000,6.826944
t227,0.000000,1.500000,0.000000,6.848302
t228,0.000000,1.500000,0.000000,6.869660
t229,0.000000,1.500000,0.000000,6.891019
t230,0.000000,1.500000,0.000000,6.912377
t231,0.000000,1.500000,0.000000,6.933735
t232,0.000000,1.500000,0.000000,6.955093
t233,0.000000,1.500000,0.000000,6.976451
t234,0.000000,1.500000,0.000000,6.997809
t235,0.000000,1.500000,0.000000,7.019168
t236,0.000000,1.500000,0.000000,7.040526
t237,0.000000,1.500000,0.000000,7.061884
t238,0.000000,1.500000,0.000000,7.083242
t239,0.000000,1.500000,0.000000,7.104600
t240,0.000000,1.500000,0.000000,7.125958
t241,0.000000,1.500000,0.000000,7.147317
t242,0.000000,1.500000,0.000000,7.168675
t243,0.000000,1.500000,0.000000,7.190033
t244,0.000000,1.500000,0.000000,7.211391
t245,0.000000,1.500000,0.000000,7.232749
t246,0.000000,1.500000,0.000000,7.254107
t247,0.000000,1.500000,0.000000,7.275465
t248,0.000000,1.500000,0.000000,7.296824
t249,0.000000,1.500000,0.000000,7.318182
t250,0.000000,1.500000,0.000000,7.339540
t251,0.000000,1.500000,0.000000,7.360898
t252,0.000000,1.500000,0.000000,7.382256
t253,0.000000,1.500000,0.000000,7.403614
t254,0.000000,1.500000,0.000000,7.424973
t255,0.000000,1.500000,0.000000,7.446331
t256,0.000000,1.500000,0.000000,7.467689
t257,0.000000,1.500000,0.000000,7.489047
t258,0.000000,1.500000,0.000000,7.510405
t259,0.000000,1.500000,0.000000,7.531763
t260,0.000000,1.500000,0.000000,7.553122
t261,0.000000,1.500000,0.000000,7.574480
t262,0.000000,1.500000,0.000000,7.595838
t263,0.000000,1.500000,0.000000,7.617196
t264,0.000000,1.500000,0.000000,7.638554
t265,0.000000,1.500000,0.000000,7.659912
t266,0.000000,1.500000,0.000000,7.681271
t267,0.000000,1.500000,0.000000,7.702629
t268,0.000000,1.500000,0.000000,7.723987
t269,0.000000,1.500000,0.000000,7.745345
t270,0.000000,1.500000,0.000000,7.766703
t271,0.000000,1.500000,0.000000,7.788061
t272,0.000000,1.500000,0.000000,7.809419
t273,0.000000,1.500000,0.000000,7.830778
t274,0.000000,1.500000,0.000000,7.852136
t275,0.000000,1.500000,0.000000,7.873494
t276,0.000000,1.500000,0.000000,7.894852
t277,0.000000,1.500000,0.000000,7.916210
t278,0.000000,1.500000,0.000000,7.937568
t279,0.000000,1.500000,0.000000,7.958927
t280,0.000000,1.500000,0.000000,7.980285
t281,0.000000,1.500000,0.000000,8.001643
t282,0.000000,1.500000,0.000000,8.023001
t283,0.000000,1.500000,0.000000,8.044359
t284,0.000000,1.500000,0.000000,8.065717
t285,0.000000,1.500000,0.000000,8.087076
t286,0.000000,1.500000,0.000000,8.108434
t287,0.000000,1.500000,0.000000,8.129792
t288,0.000000,1.500000,0.000000,8.151150
t289,0.000000,1.500000,0.000000,8.172508
t290,0.000000,1.500000,0.000000,8.193866
t291,0.000000,1.500000,0.000000,8.215225
t292,0.000000,1.500000,0.000000,8.236583
t293,0.000000,1.500000,0.000000,8.257941
t294,0.000000,1.500000,0.000000,8.279299
t295,0.000000,1.500000,0.000000,8.300657
t296,0.000000,1.500000,0.000000,8.322015
t297,0.000000,1.500000,0.000000,8.343373
t298,0.000000,1.500000,0.000000,8.364732
t299,0.000000,1.500000,0.000000,8.386090
t300,0.000000,1.500000,0.000000,8.407448
t301,0.000000,1.500000,0.000000,8.428806
t302,0.000000,1.500000,0.000000,8.450164
t303,0.000000,1.500000,0.000000,8.471522
t304,0.000000,1.500000,0.000000,8.492881
t305,0.000000,1.500000,0.000000,8.514239
t306,0.000000,1.500000,0.000000,8.535597
t307,0.000000,1.500000,0.000000,8.556955
t308,0.000000,1.500000,0.000000,8.578313
t309,0.000000,1.500000,0.000000,8.599671
t310,0.000000,1.500000,0.000000,8.621030
t311,0.000000,1.500000,0.000000,8.642388
t312,0.000000,1.500000,0.000000,8.663746
t313,0.000000,1.500000,0.000000,8.685104
t314,0.000000,1.500000,0.000000,8.706462
t315,0.000000,1.500000,0.000000,8.727820
t316,0.000000,1.500000,0.000000,8.749179
t317,0.000000,1.500000,0.000000,8.770537
t318,0.000000,1.500000,0.000000,8.791895
t319,0.000000,1.500000,0.000000,8.813253
t320,0.000000,1.500000,0.000000,8.834611
t321,0.000000,1.500000,0.000000,8.855969
t322,0.000000,1.500000,0.000000,8.877327
t323,0.000000,1.500000,0.000000,8.898686
t324,0.000000,1.500000,0.000000,8.920044
t325,0.000000,1.500000,0.000000,8.941402
t326,0.000000,1.500000,0.000000,8.962760
t327,0.000000,1.500000,0.000000,8.984118
t328,0.000000,1.500000,0.000000,9.005476
t329,0.000000,1.500000,0.000000,9.026835
t330,0.000000,1.500000,0.000000,9.048193
t331,0.000000,1.500000,0.000000,9.069551
t332,0.000000,1.500000,0.000000,9.090909
t333,0.000000,1.500000,0.000000,9.112267
t334,0.000000,1.500000,0.000000,9.133625
t335,0.000000,1.500000,0.000000,9.154984
t336,0.000000,1.500000,0.000000,9.176342
t337,0.000000,1.500000,0.000000,9.197700
t338,0.000000,1.500000,0.000000,9.219058
t339,0.000000,1.500000,0.000000,9.240416
t340,0.000000,1.500000,0.000000,9.261774
t341,0.000000,1.500000,0.000000,9.283133
t342,0.000000,1.500000,0.000000,9.304491
t343,0.000000,1.500000,0.000000,9.325849
t344,0.000000,1.500000,0.000000,9.347207
t345,0.000000,1.500000,0.000000,9.368565
t346,0.000000,1.500000,0.000000,9.389923
t347,0.000000,1.500000,0.000000,9.411281
t348,0.000000,1.500000,0.000000,9.432640
t349,0.000000,1.500000,0.000000,9.453998
t350,0.000000,1.500000,0.000000,9.475356
t351,0.000000,1.500000,0.000000,9.496714
t352,0.000000,1.500000,0.000000,9.518072
t353,0.000000,1.500000,0.000000,9.539430
t354,0.000000,1.500000,0.000000,9.560789
t355,0.000000,1.500000,0.000000,9.582147
t356,0.000000,1.500000,0.000000,9.603505
t357,0.000000,1.500000,0.000000,9.624863
t358,0.000000,1.500000,0.000000,9.646221
t359,0.000000,1.500000,0.000000,9.667579
t360,0.000000,1.500000,0.000000,9.688938
t361,0.000000,1.500000,0.000000,9.710296
t362,0.000000,1.500000,0.000000,9.731654
t363,0.000000,1.500000,0.000000,9.753012
t364,0.000000,1.500000,0.000000,9.774370
t365,0.000000,1.500000,0.000000,9.795728
t366,0.089041,1.500000,0.022810,9.817087
t367,0.178082,1.500000,0.045620,9.838445
t368,0.267123,1.500000,0.068431,9.859803
t369,0.356164,1.500000,0.091241,9.881161
t370,0.445205,1.500000,0.114051,9.902519
t371,0.534247,1.500000,0.136861,9.923877
t372,0.623288,1.500000,0.159672,9.945235
t373,0.712329,1.500000,0.182482,9.966594
t374,0.801370,1.500000,0.205292,9.987952
t375,0.890411,1.500000,0.228102,10.009310
t376,0.979452,1.500000,0.250912,10.030668
t377,1.068493,1.500000,0.273723,10.052026
t378,1.157534,1.500000,0.296533,10.073384
t379,1.246575,1.500000,0.319343,10.094743
t380,1.335616,1.500000,0.342153,10.116101
t381,1.424658,1.500000,0.364964,10.137459
t382,1.513699,1.500000,0.387774,10.158817
t383,1.602740,1.500000,0.410584,10.180175
t384,1.691781,1.500000,0.433394,10.201533
t385,1.780822,1.500000,0.456204,10.222892
t386,1.869863,1.500000,0.479015,10.244250
t387,1.958904,1.500000,0.501825,10.265608
t388,2.047945,1.500000,0.524635,10.286966
t389,2.136986,1.500000,0.547445,10.308324
t390,2.226027,1.500000,0.570255,10.329682
t391,2.315068,1.500000,0.593066,10.351041
t392,2.404110,1.500000,0.615876,10.372399
t393,2.493151,1.500000,0.638686,10.393757
t394,2.582192,1.500000,0.661496,10.415115
t395,2.671233,1.500000,0.684307,10.436473
t396,2.760274,1.500000,0.707117,10.457831
t397,2.849315,1.500000,0.729927,10.479189
t398,2.938356,1.500000,0.752737,10.500548
t399,3.027397,1.500000,0.775547,10.521906
t400,3.116438,1.500000,0.798358,10.543264
t401,3.205479,1.500000,0.821168,10.564622
t402,3.294521,1.500000,0.843978,10.585980
t403,3.383562,1.500000,0.866788,10.607338
t404,3.472603,1.500000,0.889599,10.628697
t405,3.561644,1.500000,0.912409,10.650055
t406,3.650685,1.500000,0.935219,10.671413
t407,3.739726,1.500000,0.958029,10.692771
t408,3.828767,1.500000,0.980839,10.714129
t409,3.917808,1.500000,1.003650,10.735487
t410,4.006849,1.500000,1.026460,10.756846
t411,4.095890,1.500000,1.049270,10.778204
t412,4.184932,1.500000,1.072080,10.799562
t413,4.273973,1.500000,1.094891,10.820920
t414,4.363014,1.500000,1.117701,10.842278
t415,4.452055,1.500000,1.140511,10.863636
t416,4.541096,1.500000,1.163321,10.884995
t417,4.630137,1.500000,1.186131,10.906353
t418,4.719178,1.500000,1.208942,10.927711
t419,4.808219,1.500000,1.231752,10.949069
t420,4.897260,1.500000,1.254562,10.970427
t421,4.986301,1.500000,1.277372,10.991785
t422,5.075342,1.500000,1.300182,11.013143
t423,5.164384,1.500000,1.322993,11.034502
t424,5.253425,1.500000,1.345803,11.055860
t425,5.342466,1.500000,1.368613,11.077218
t426,5.431507,1.500000,1.391423,11.098576
t427,5.520548,1.500000,1.414234,11.119934
t428,5.609589,1.500000,1.437044,11.141292
t429,5.698630,1.500000,1.459854,11.162651
t430,5.787671,1.500000,1.482664,11.184009
t431,5.876712,1.500000,1.505474,11.205367
t432,5.965753,1.500000,1.528285,11.226725
t433,6.054795,1.500000,1.551095,11.248083
t434,6.143836,1.500000,1.573905,11.269441
t435,6.232877,1.500000,1.596715,11.290800
t436,6.321918,1.500000,1.619526,11.312158
t437,6.410959,1.500000,1.642336,11.333516
t438,6.500000,1.500000,1.665146,11.354874
t439,6.589041,1.500000,1.687956,11.376232
t440,6.678082,1.500000,1.710766,11.397590
t441,6.767123,1.500000,1.733577,11.418949
t442,6.856164,1.500000,1.756387,11.440307
t443,6.945205,1.500000,1.779197,11.461665
t444,7.034247,1.500000,1.802007,11.483023
t445,7.123288,1.500000,1.824818,11.504381
t446,7.212329,1.500000,1.847628,11.525739
t447,7.301370,1.500000,1.870438,11.547097
t448,7.390411,1.500000,1.893248,11.568456
t449,7.479452,1.500000,1.916058,11.589814
t450,7.568493,1.500000,1.938869,11.611172
t451,7.657534,1.500000,1.961679,11.632530
t452,7.746575,1.500000,1.984489,11.653888
t453,7.835616,1.500000,2.007299,11.675246
t454,7.924658,1.500000,2.030109,11.696605
t455,8.013699,1.500000,2.052920,11.717963
t456,8.102740,1.500000,2.075730,11.739321
t457,8.191781,1.500000,2.098540,11.760679
t458,8.280822,1.500000,2.121350,11.782037
t459,8.369863,1.500000,2.144161,11.803395
t460,8.458904,1.500000,2.166971,11.824754
t461,8.547945,1.500000,2.189781,11.846112
t462,8.636986,1.500000,2.212591,11.867470
t463,8.726027,1.500000,2.235401,11.888828
t464,8.815068,1.500000,2.258212,11.910186
t465,8.904110,1.500000,2.281022,11.931544
t466,8.993151,1.500000,2.303832,11.952903
t467,9.082192,1.500000,2.326642,11.974261
t468,9.171233,1.500000,2.349453,11.995619
t469,9.260274,1.500000,2.372263,12.016977
t470,9.349315,1.500000,2.395073,12.038335
t471,9.438356,1.500000,2.417883,12.059693
t472,9.527397,1.500000,2.440693,12.081051
t473,9.616438,1.500000,2.463504,12.102410
t474,9.705479,1.500000,2.486314,12.123768
t475,9.794521,1.500000,2.509124,12.145126
t476,9.883562,1.500000,2.531934,12.166484
t477,9.972603,1.500000,2.554745,12.187842
t478,10.061644,1.500000,2.577555,12.209200
t479,10.150685,1.500000,2.600365,12.230559
t480,10.239726,1.500000,2.623175,12.251917
t481,10.328767,1.500000,2.645985,12.273275
t482,10.417808,1.500000,2.668796,12.294633
t483,10.506849,1.500000,2.691606,12.315991
t484,10.595890,1.500000,2.714416,12.337349
t485,10.684932,1.500000,2.737226,12.358708
t486,10.773973,1.500000,2.760036,12.380066
t487,10.863014,1.500000,2.782847,12.401424
t488,10.952055,1.500000,2.805657,12.422782
t489,11.041096,1.500000,2.828467,12.444140
t490,11.130137,1.500000,2.851277,12.465498
t491,11.219178,1.500000,2.874088,12.486857
t492,11.308219,1.500000,2.896898,12.508215
t493,11.397260,1.500000,2.919708,12.529573
t494,11.486301,1.500000,2.942518,12.550931
t495,11.575342,1.500000,2.965328,12.572289
t496,11.664384,1.500000,2.988139,12.593647
t497,11.753425,1.500000,3.010949,12.615005
t498,11.842466,1.500000,3.033759,12.636364
t499,11.931507,1.500000,3.056569,12.657722
t500,12.020548,1.500000,3.079380,12.679080
t501,12.109589,1.500000,3.102190,12.700438
t502,12.198630,1.500000,3.125000,12.721796
t503,12.287671,1.500000,3.147810,12.743154
t504,12.376712,1.500000,3.170620,12.764513
t505,12.465753,1.500000,3.193431,12.785871
t506,12.554795,1.500000,3.216241,12.807229
t507,12.643836,1.500000,3.239051,12.828587
t508,12.732877,1.500000,3.261861,12.849945
t509,12.821918,1.500000,3.284672,12.871303
t510,12.910959,1.500000,3.307482,12.892662
t511,13.000000,1.500000,3.330292,12.914020
t512,13.089041,1.500000,3.353102,12.935378
t513,13.178082,1.500000,3.375912,12.956736
t514,13.267123,1.500000,3.398723,12.978094
t515,13.356164,1.500000,3.421533,12.999452
t516,13.445205,1.500000,3.444343,13.020811
t517,13.534247,1.500000,3.467153,13.042169
t518,13.623288,1.500000,3.489964,13.063527
t519,13.712329,1.500000,3.512774,13.084885
t520,13.801370,1.500000,3.535584,13.106243
t521,13.890411,1.500000,3.558394,13.127601
t522,13.979452,1.500000,3.581204,13.148959
t523,14.068493,1.500000,3.604015,13.170318
t524,14.157534,1.500000,3.626825,13.191676
t525,14.246575,1.500000,3.649635,13.213034
t526,14.335616,1.500000,3.672445,13.234392
t527,14.424658,1.500000,3.695255,13.255750
t528,14.513699,1.500000,3.718066,13.277108
t529,14.602740,1.500000,3.740876,13.298467
t530,14.691781,1.500000,3.763686,13.319825
t531,14.780822,1.500000,3.786496,13.341183
t532,14.869863,1.500000,3.809307,13.362541
t533,14.958904,1.500000,3.832117,13.383899
t534,15.047945,1.500000,3.854927,13.405257
t535,15.136986,1.500000,3.877737,13.426616
t536,15.226027,1.500000,3.900547,13.447974
t537,15.315068,1.500000,3.923358,13.469332
t538,15.404110,1.500000,3.946168,13.490690
t539,15.493151,1.500000,3.968978,13.512048
t540,15.582192,1.500000,3.991788,13.533406
t541,15.671233,1.500000,4.014599,13.554765
t542,15.760274,1.500000,4.037409,13.576123
t543,15.849315,1.500000,4.060219,13.597481
t544,15.938356,1.500000,4.083029,13.618839
t545,16.027397,1.500000,4.105839,13.640197
t546,16.116438,1.500000,4.128650,13.661555
t547,16.205479,1.500000,4.151460,13.682913
t548,16.294521,1.500000,4.174270,13.704272
t549,16.383562,1.500000,4.197080,13.725630
t550,16.472603,1.500000,4.219891,13.746988
t551,16.561644,1.500000,4.242701,13.768346
t552,16.650685,1.500000,4.265511,13.789704
t553,16.739726,1.500000,4.288321,13.811062
t554,16.828767,1.500000,4.311131,13.832421
t555,16.917808,1.500000,4.333942,13.853779
t556,17.006849,1.500000,4.356752,13.875137
t557,17.095890,1.500000,4.379562,13.896495
t558,17.184932,1.500000,4.402372,13.917853
t559,17.273973,1.500000,4.425182,13.939211
t560,17.363014,1.500000,4.447993,13.960570
t561,17.452055,1.500000,4.470803,13.981928
t562,17.541096,1.500000,4.493613,14.003286
t563,17.630137,1.500000,4.516423,14.024644
t564,17.719178,1.500000,4.539234,14.046002
t565,17.808219,1.500000,4.562044,14.067360
t566,17.897260,1.500000,4.584854,14.088719
t567,17.986301,1.500000,4.607664,14.110077
t568,18.075342,1.500000,4.630474,14.131435
t569,18.164384,1.500000,4.653285,14.152793
t570,18.253425,1.500000,4.676095,14.174151
t571,18.342466,1.500000,4.698905,14.195509
t572,18.431507,1.500000,4.721715,14.216867
t573,18.520548,1.500000,4.744526,14.238226
t574,18.609589,1.500000,4.767336,14.259584
t575,18.698630,1.500000,4.790146,14.280942
t576,18.787671,1.500000,4.812956,14.302300
t577,18.876712,1.500000,4.835766,14.323658
t578,18.965753,1.500000,4.858577,14.345016
t579,19.054795,1.500000,4.881387,14.366375
t580,19.143836,1.500000,4.904197,14.387733
t581,19.232877,1.500000,4.927007,14.409091
t582,19.321918,1.500000,4.949818,14.430449
t583,19.410959,1.500000,4.972628,14.451807
t584,19.500000,1.500000,4.995438,14.473165
t585,19.589041,1.500000,5.018248,14.494524
t586,19.678082,1.500000,5.041058,14.515882
t587,19.767123,1.500000,5.063869,14.537240
t588,19.856164,1.500000,5.086679,14.558598
t589,19.945205,1.500000,5.109489,14.579956
t590,20.034247,1.500000,5.132299,14.601314
t591,20.123288,1.500000,5.155109,14.622673
t592,20.212329,1.500000,5.177920,14.644031
t593,20.301370,1.500000,5.200730,14.665389
t594,20.390411,1.500000,5.223540,14.686747
t595,20.479452,1.500000,5.246350,14.708105
t596,20.568493,1.500000,5.269161,14.729463
t597,20.657534,1.500000,5.291971,14.750821
t598,20.746575,1.500000,5.314781,14.772180
t599,20.835616,1.500000,5.337591,14.793538
t600,20.924658,1.500000,5.360401,14.814896
t601,21.013699,1.500000,5.383212,14.836254
t602,21.102740,1.500000,5.406022,14.857612
t603,21.191781,1.500000,5.428832,14.878970
t604,21.280822,1.500000,5.451642,14.900329
t605,21.369863,1.500000,5.474453,14.921687
t606,21.458904,1.500000,5.497263,14.943045
t607,21.547945,1.500000,5.520073,14.964403
t608,21.636986,1.500000,5.542883,14.985761
t609,21.726027,1.500000,5.565693,15.007119
t610,21.815068,1.500000,5.588504,15.028478
t611,21.904110,1.500000,5.611314,15.049836
t612,21.993151,1.500000,5.634124,15.071194
t613,22.082192,1.500000,5.656934,15.092552
t614,22.171233,1.500000,5.679745,15.113910
t615,22.260274,1.500000,5.702555,15.135268
t616,22.349315,1.500000,5.725365,15.156627
t617,22.438356,1.500000,5.748175,15.177985
t618,22.527397,1.500000,5.770985,15.199343
t619,22.616438,1.500000,5.793796,15.220701
t620,22.705479,1.500000,5.816606,15.242059
t621,22.794521,1.500000,5.839416,15.263417
t622,22.883562,1.500000,5.862226,15.284775
t623,22.972603,1.500000,5.885036,15.306134
t624,23.061644,1.500000,5.907847,15.327492
t625,23.150685,1.500000,5.930657,15.348850
t626,23.239726,1.500000,5.953467,15.370208
t627,23.328767,1.500000,5.976277,15.391566
t628,23.417808,1.500000,5.999088,15.412924
t629,23.506849,1.500000,6.021898,15.434283
t630,23.595890,1.500000,6.044708,15.455641
t631,23.684932,1.500000,6.067518,15.476999
t632,23.773973,1.500000,6.090328,15.498357
t633,23.863014,1.500000,6.113139,15.519715
t634,23.952055,1.500000,6.135949,15.541073
t635,24.041096,1.500000,6.158759,15.562432
t636,24.130137,1.500000,6.181569,15.583790
t637,24.219178,1.500000,6.204380,15.605148
t638,24.308219,1.500000,6.227190,15.626506
t639,24.397260,1.500000,6.250000,15.647864
t640,24.486301,1.500000,6.272810,15.669222
t641,24.575342,1.500000,6.295620,15.690581
t642,24.664384,1.500000,6.318431,15.711939
t643,24.753425,1.500000,6.341241,15.733297
t644,24.842466,1.500000,6.364051,15.754655
t645,24.931507,1.500000,6.386861,15.776013
t646,25.020548,1.500000,6.409672,15.797371
t647,25.109589,1.500000,6.432482,15.818729
t648,25.198630,1.500000,6.455292,15.840088
t649,25.287671,1.500000,6.478102,15.861446
t650,25.376712,1.500000,6.500912,15.882804
t651,25.465753,1.500000,6.523723,15.904162
t652,25.554795,1.500000,6.546533,15.925520
t653,25.643836,1.500000,6.569343,15.946878
t654,25.732877,1.500000,6.592153,15.968237
t655,25.821918,1.500000,6.614964,15.989595
t656,25.910959,1.500000,6.637774,16.010953
t657,26.000000,1.500000,6.660584,16.032311
t658,26.089041,1.500000,6.683394,16.053669
t659,26.178082,1.500000,6.706204,16.075027
t660,26.267123,1.500000,6.729015,16.096386
t661,26.356164,1.500000,6.751825,16.117744
t662,26.445205,1.500000,6.774635,16.139102
t663,26.534247,1.500000,6.797445,16.160460
t664,26.623288,1.500000,6.820255,16.181818
t665,26.712329,1.500000,6.843066,16.203176
t666,26.801370,1.500000,6.865876,16.224535
t667,26.890411,1.500000,6.888686,16.245893
t668,26.979452,1.500000,6.911496,16.267251
t669,27.068493,1.500000,6.934307,16.288609
t670,27.157534,1.500000,6.957117,16.309967
t671,27.246575,1.500000,6.979927,16.331325
t672,27.335616,1.500000,7.002737,16.352683
t673,27.424658,1.500000,7.025547,16.374042
t674,27.513699,1.500000,7.048358,16.395400
t675,27.602740,1.500000,7.071168,16.416758
t676,27.691781,1.500000,7.093978,16.438116
t677,27.780822,1.500000,7.116788,16.459474
t678,27.869863,1.500000,7.139599,16.480832
t679,27.958904,1.500000,7.162409,16.502191
t680,28.047945,1.500000,7.185219,16.523549
t681,28.136986,1.500000,7.208029,16.544907
t682,28.226027,1.500000,7.230839,16.566265
t683,28.315068,1.500000,7.253650,16.587623
t684,28.404110,1.500000,7.276460,16.608981
t685,28.493151,1.500000,7.299270,16.630340
t686,28.582192,1.500000,7.322080,16.651698
t687,28.671233,1.500000,7.344891,16.673056
t688,28.760274,1.500000,7.367701,16.694414
t689,28.849315,1.500000,7.390511,16.715772
t690,28.938356,1.500000,7.413321,16.737130
t691,29.027397,1.500000,7.436131,16.758488
t692,29.116438,1.500000,7.458942,16.779847
t693,29.205479,1.500000,7.481752,16.801205
t694,29.294521,1.500000,7.504562,16.822563
t695,29.383562,1.500000,7.527372,16.843921
t696,29.472603,1.500000,7.550182,16.865279
t697,29.561644,1.500000,7.572993,16.886637
t698,29.650685,1.500000,7.595803,16.907996
t699,29.739726,1.500000,7.618613,16.929354
t700,29.828767,1.500000,7.641423,16.950712
t701,29.917808,1.500000,7.664234,16.972070
t702,30.006849,1.500000,7.687044,16.993428
t703,30.095890,1.500000,7.709854,17.014786
t704,30.184932,1.500000,7.732664,17.036145
t705,30.273973,1.500000,7.755474,17.057503
t706,30.363014,1.500000,7.778285,17.078861
t707,30.452055,1.500000,7.801095,17.100219
t708,30.541096,1.500000,7.823905,17.121577
t709,30.630137,1.500000,7.846715,17.142935
t710,30.719178,1.500000,7.869526,17.164294
t711,30.808219,1.500000,7.892336,17.185652
t712,30.897260,1.500000,7.915146,17.207010
t713,30.986301,1.500000,7.937956,17.228368
t714,31.075342,1.500000,7.960766,17.249726
t715,31.164384,1.500000,7.983577,17.271084
t716,31.253425,1.500000,8.006387,17.292442
t717,31.342466,1.500000,8.029197,17.313801
t718,31.431507,1.500000,8.052007,17.335159
t719,31.520548,1.500000,8.074818,17.356517
t720,31.609589,1.500000,8.097628,17.377875
t721,31.698630,1.500000,8.120438,17.399233
t722,31.787671,1.500000,8.143248,17.420591
t723,31.876712,1.500000,8.166058,17.441950
t724,31.965753,1.500000,8.188869,17.463308
t725,32.054795,1.500000,8.211679,17.484666
t726,32.143836,1.500000,8.234489,17.506024
t727,32.232877,1.500000,8.257299,17.527382
t728,32.321918,1.500000,8.280109,17.548740
t729,32.410959,1.500000,8.302920,17.570099
t730,32.500000,1.500000,8.325730,17.591457
t731,32.500000,1.500000,8.348540,17.612815
t732,32.500000,1.500000,8.371350,17.634173
t733,32.500000,1.500000,8.394161,17.655531
t734,32.500000,1.500000,8.416971,17.676889
t735,32.500000,1.500000,8.439781,17.698248
t736,32.500000,1.500000,8.462591,17.719606
t737,32.500000,1.500000,8.485401,17.740964
t738,32.500000,1.500000,8.508212,17.762322
t739,32.500000,1.500000,8.531022,17.783680
t740,32.500000,1.500000,8.553832,17.805038
t741,32.500000,1.500000,8.576642,17.826396
t742,32.500000,1.500000,8.599453,17.847755
t743,32.500000,1.500000,8.622263,17.869113
t744,32.500000,1.500000,8.645073,17.890471
t745,32.500000,1.500000,8.667883,17.911829
t746,32.500000,1.500000,8.690693,17.933187
t747,32.500000,1.500000,8.713504,17.954545
t748,32.500000,1.500000,8.736314,17.975904
t749,32.500000,1.500000,8.759124,17.997262
t750,32.500000,1.500000,8.781934,18.018620
t751,32.500000,1.500000,8.804745,18.039978
t752,32.500000,1.500000,8.827555,18.061336
t753,32.500000,1.500000,8.850365,18.082694
t754,32.500000,1.500000,8.873175,18.104053
t755,32.500000,1.500000,8.895985,18.125411
t756,32.500000,1.500000,8.918796,18.146769
t757,32.500000,1.500000,8.941606,18.168127
t758,32.500000,1.500000,8.964416,18.189485
t759,32.500000,1.500000,8.987226,18.210843
t760,32.500000,1.500000,9.010036,18.232202
t761,32.500000,1.500000,9.032847,18.253560
t762,32.500000,1.500000,9.055657,18.274918
t763,32.500000,1.500000,9.078467,18.296276
t764,32.500000,1.500000,9.101277,18.317634
t765,32.500000,1.500000,9.124088,18.338992
t766,32.500000,1.500000,9.146898,18.360350
t767,32.500000,1.500000,9.169708,18.381709
t768,32.500000,1.500000,9.192518,18.403067
t769,32.500000,1.500000,9.215328,18.424425
t770,32.500000,1.500000,9.238139,18.445783
t771,32.500000,1.500000,9.260949,18.467141
t772,32.500000,1.500000,9.283759,18.488499
t773,32.500000,1.500000,9.306569,18.509858
t774,32.500000,1.500000,9.329380,18.531216
t775,32.500000,1.500000,9.352190,18.552574
t776,32.500000,1.500000,9.375000,18.573932
t777,32.500000,1.500000,9.397810,18.595290
t778,32.500000,1.500000,9.420620,18.616648
t779,32.500000,1.500000,9.443431,18.638007
t780,32.500000,1.500000,9.466241,18.659365
t781,32.500000,1.500000,9.489051,18.680723
t782,32.500000,1.500000,9.511861,18.702081
t783,32.500000,1.500000,9.534672,18.723439
t784,32.500000,1.500000,9.557482,18.744797
t785,32.500000,1.500000,9.580292,18.766156
t786,32.500000,1.500000,9.603102,18.787514
t787,32.500000,1.500000,9.625912,18.808872
t788,32.500000,1.500000,9.648723,18.830230
t789,32.500000,1.500000,9.671533,18.851588
t790,32.500000,1.500000,9.694343,18.872946
t791,32.500000,1.500000,9.717153,18.894304
t792,32.500000,1.500000,9.739964,18.915663
t793,32.500000,1.500000,9.762774,18.937021
t794,32.500000,1.500000,9.785584,18.958379
t795,32.500000,1.500000,9.808394,18.979737
t796,32.500000,1.500000,9.831204,19.001095
t797,32.500000,1.500000,9.854015,19.022453
t798,32.500000,1.500000,9.876825,19.043812
t799,32.500000,1.500000,9.899635,19.065170
t800,32.500000,1.500000,9.922445,19.086528
t801,32.500000,1.500000,9.945255,19.107886
t802,32.500000,1.500000,9.968066,19.129244
t803,32.500000,1.500000,9.990876,19.150602
t804,32.500000,1.500000,10.013686,19.171961
t805,32.500000,1.500000,10.036496,19.193319
t806,32.500000,1.500000,10.059307,19.214677
t807,32.500000,1.500000,10.082117,19.236035
t808,32.500000,1.500000,10.104927,19.257393
t809,32.500000,1.500000,10.127737,19.278751
t810,32.500000,1.500000,10.150547,19.300110
t811,32.500000,1.500000,10.173358,19.321468
t812,32.500000,1.500000,10.196168,19.342826
t813,32.500000,1.500000,10.218978,19.364184
t814,32.500000,1.500000,10.241788,19.385542
t815,32.500000,1.500000,10.264599,19.406900
t816,32.500000,1.500000,10.287409,19.428258
t817,32.500000,1.500000,10.310219,19.449617
t818,32.500000,1.500000,10.333029,19.470975
t819,32.500000,1.500000,10.355839,19.492333
t820,32.500000,1.500000,10.378650,19.513691
t821,32.500000,1.500000,10.401460,19.535049
t822,32.500000,1.500000,10.424270,19.556407
t823,32.500000,1.500000,10.447080,19.577766
t824,32.500000,1.500000,10.469891,19.599124
t825,32.500000,1.500000,10.492701,19.620482
t826,32.500000,1.500000,10.515511,19.641840
t827,32.500000,1.500000,10.538321,19.663198
t828,32.500000,1.500000,10.561131,19.684556
t829,32.500000,1.500000,10.583942,19.705915
t830,32.500000,1.500000,10.606752,19.727273
t831,32.500000,1.500000,10.629562,19.748631
t832,32.500000,1.500000,10.652372,19.769989
t833,32.500000,1.500000,10.675182,19.791347
t834,32.500000,1.500000,10.697993,19.812705
t835,32.500000,1.500000,10.720803,19.834064
t836,32.500000,1.500000,10.743613,19.855422
t837,32.500000,1.500000,10.766423,19.876780
t838,32.500000,1.500000,10.789234,19.898138
t839,32.500000,1.500000,10.812044,19.919496
t840,32.500000,1.500000,10.834854,19.940854
t841,32.500000,1.500000,10.857664,19.962212
t842,32.500000,1.500000,10.880474,19.983571
t843,32.500000,1.500000,10.903285,20.004929
t844,32.500000,1.500000,10.926095,20.026287
t845,32.500000,1.500000,10.948905,20.047645
t846,32.500000,1.500000,10.971715,20.069003
t847,32.500000,1.500000,10.994526,20.090361
t848,32.500000,1.500000,11.017336,20.111720
t849,32.500000,1.500000,11.040146,20.133078
t850,32.500000,1.500000,11.062956,20.154436
t851,32.500000,1.500000,11.085766,20.175794
t852,32.500000,1.500000,11.108577,20.197152
t853,32.500000,1.500000,11.131387,20.218510
t854,32.500000,1.500000,11.154197,20.239869
t855,32.500000,1.500000,11.177007,20.261227
t856,32.500000,1.500000,11.199818,20.282585
t857,32.500000,1.500000,11.222628,20.303943
t858,32.500000,1.500000,11.245438,20.325301
t859,32.500000,1.500000,11.268248,20.346659
t860,32.500000,1.500000,11.291058,20.368018
t861,32.500000,1.500000,11.313869,20.389376
t862,32.500000,1.500000,11.336679,20.410734
t863,32.500000,1.500000,11.359489,20.432092
t864,32.500000,1.500000,11.382299,20.453450
t865,32.500000,1.500000,11.405109,20.474808
t866,32.500000,1.500000,11.427920,20.496166
t867,32.500000,1.500000,11.450730,20.517525
t868,32.500000,1.500000,11.473540,20.538883
t869,32.500000,1.500000,11.496350,20.560241
t870,32.500000,1.500000,11.519161,20.581599
t871,32.500000,1.500000,11.541971,20.602957
t872,32.500000,1.500000,11.564781,20.624315
t873,32.500000,1.500000,11.587591,20.645674
t874,32.500000,1.500000,11.610401,20.667032
t875,32.500000,1.500000,11.633212,20.688390
t876,32.500000,1.500000,11.656022,20.709748
t877,32.500000,1.500000,11.678832,20.731106
t878,32.500000,1.500000,11.701642,20.752464
t879,32.500000,1.500000,11.724453,20.773823
t880,32.500000,1.500000,11.747263,20.795181
t881,32.500000,1.500000,11.770073,20.816539
t882,32.500000,1.500000,11.792883,20.837897
t883,32.500000,1.500000,11.815693,20.859255
t884,32.500000,1.500000,11.838504,20.880613
t885,32.500000,1.500000,11.861314,20.901972
t886,32.500000,1.500000,11.884124,20.923330
t887,32.500000,1.500000,11.906934,20.944688
t888,32.500000,1.500000,11.929745,20.966046
t889,32.500000,1.500000,11.952555,20.987404
t890,32.500000,1.500000,11.975365,21.008762
t891,32.500000,1.500000,11.998175,21.030120
t892,32.500000,1.500000,12.020985,21.051479
t893,32.500000,1.500000,12.043796,21.072837
t894,32.500000,1.500000,12.066606,21.094195
t895,32.500000,1.500000,12.089416,21.115553
t896,32.500000,1.500000,12.112226,21.136911
t897,32.500000,1.500000,12.135036,21.158269
t898,32.500000,1.500000,12.157847,21.179628
t899,32.500000,1.500000,12.180657,21.200986
t900,32.500000,1.500000,12.203467,21.222344
t901,32.500000,1.500000,12.226277,21.243702
t902,32.500000,1.500000,12.249088,21.265060
t903,32.500000,1.500000,12.271898,21.286418
t904,32.500000,1.500000,12.294708,21.307777
t905,32.500000,1.500000,12.317518,21.329135
t906,32.500000,1.500000,12.340328,21.350493
t907,32.500000,1.500000,12.363139,21.371851
t908,32.500000,1.500000,12.385949,21.393209
t909,32.500000,1.500000,12.408759,21.414567
t910,32.500000,1.500000,12.431569,21.435926
t911,32.500000,1.500000,12.454380,21.457284
t912,32.500000,1.500000,12.477190,21.478642
t913,32.500000,1.500000,12.500000,21.500000
t914,32.500000,1.500000,12.522810,21.521358
t915,32.500000,1.500000,12.545620,21.542716
t916,32.500000,1.500000,12.568431,21.564074
t917,32.500000,1.500000,12.591241,21.585433
t918,32.500000,1.500000,12.614051,21.606791
t919,32.500000,1.500000,12.636861,21.628149
t920,32.500000,1.500000,12.659672,21.649507
t921,32.500000,1.500000,12.682482,21.670865
t922,32.500000,1.500000,12.705292,21.692223
t923,32.500000,1.500000,12.728102,21.713582
t924,32.500000,1.500000,12.750912,21.734940
t925,32.500000,1.500000,12.773723,21.756298
t926,32.500000,1.500000,12.796533,21.777656
t927,32.500000,1.500000,12.819343,21.799014
t928,32.500000,1.500000,12.842153,21.820372
t929,32.500000,1.500000,12.864964,21.841731
t930,32.500000,1.500000,12.887774,21.863089
t931,32.500000,1.500000,12.910584,21.884447
t932,32.500000,1.500000,12.933394,21.905805
t933,32.500000,1.500000,12.956204,21.927163
t934,32.500000,1.500000,12.979015,21.948521
t935,32.500000,1.500000,13.001825,21.969880
t936,32.500000,1.500000,13.024635,21.991238
t937,32.500000,1.500000,13.047445,22.012596
t938,32.500000,1.500000,13.070255,22.033954
t939,32.500000,1.500000,13.093066,22.055312
t940,32.500000,1.500000,13.115876,22.076670
t941,32.500000,1.500000,13.138686,22.098028
t942,32.500000,1.500000,13.161496,22.119387
t943,32.500000,1.500000,13.184307,22.140745
t944,32.500000,1.500000,13.207117,22.162103
t945,32.500000,1.500000,13.229927,22.183461
t946,32.500000,1.500000,13.252737,22.204819
t947,32.500000,1.500000,13.275547,22.226177
t948,32.500000,1.500000,13.298358,22.247536
t949,32.500000,1.500000,13.321168,22.268894
t950,32.500000,1.500000,13.343978,22.290252
t951,32.500000,1.500000,13.366788,22.311610
t952,32.500000,1.500000,13.389599,22.332968
t953,32.500000,1.500000,13.412409,22.354326
t954,32.500000,1.500000,13.435219,22.375685
t955,32.500000,1.500000,13.458029,22.397043
t956,32.500000,1.500000,13.480839,22.418401
t957,32.500000,1.500000,13.503650,22.439759
t958,32.500000,1.500000,13.526460,22.461117
t959,32.500000,1.500000,13.549270,22.482475
t960,32.500000,1.500000,13.572080,22.503834
t961,32.500000,1.500000,13.594891,22.525192
t962,32.500000,1.500000,13.617701,22.546550
t963,32.500000,1.500000,13.640511,22.567908
t964,32.500000,1.500000,13.663321,22.589266
t965,32.500000,1.500000,13.686131,22.610624
t966,32.500000,1.500000,13.708942,22.631982
t967,32.500000,1.500000,13.731752,22.653341
t968,32.500000,1.500000,13.754562,22.674699
t969,32.500000,1.500000,13.777372,22.696057
t970,32.500000,1.500000,13.800182,22.717415
t971,32.500000,1.500000,13.822993,22.738773
t972,32.500000,1.500000,13.845803,22.760131
t973,32.500000,1.500000,13.868613,22.781490
t974,32.500000,1.500000,13.891423,22.802848
t975,32.500000,1.500000,13.914234,22.824206
t976,32.500000,1.500000,13.937044,22.845564
t977,32.500000,1.500000,13.959854,22.866922
t978,32.500000,1.500000,13.982664,22.888280
t979,32.500000,1.500000,14.005474,22.909639
t980,32.500000,1.500000,14.028285,22.930997
t981,32.500000,1.500000,14.051095,22.952355
t982,32.500000,1.500000,14.073905,22.973713
t983,32.500000,1.500000,14.096715,22.995071
t984,32.500000,1.500000,14.119526,23.016429
t985,32.500000,1.500000,14.142336,23.037788
t986,32.500000,1.500000,14.165146,23.059146
t987,32.500000,1.500000,14.187956,23.080504
t988,32.500000,1.500000,14.210766,23.101862
t989,32.500000,1.500000,14.233577,23.123220
t990,32.500000,1.500000,14.256387,23.144578
t991,32.500000,1.500000,14.279197,23.165936
t992,32.500000,1.500000,14.302007,23.187295
t993,32.500000,1.500000,14.324818,23.208653
t994,32.500000,1.500000,14.347628,23.230011
t995,32.500000,1.500000,14.370438,23.251369
t996,32.500000,1.500000,14.393248,23.272727
t997,32.500000,1.500000,14.416058,23.294085
t998,32.500000,1.500000,14.438869,23.315444
t999,32.500000,1.500000,14.461679,23.336802
t1000,32.500000,1.500000,14.484489,23.358160
t1001,32.500000,1.500000,14.507299,23.379518
t1002,32.500000,1.500000,14.530109,23.400876
t1003,32.500000,1.500000,14.552920,23.422234
t1004,32.500000,1.500000,14.575730,23.443593
t1005,32.500000,1.500000,14.598540,23.464951
t1006,32.500000,1.500000,14.621350,23.486309
t1007,32.500000,1.500000,14.644161,23.507667
t1008,32.500000,1.500000,14.666971,23.529025
t1009,32.500000,1.500000,14.689781,23.550383
t1010,32.500000,1.500000,14.712591,23.571742
t1011,32.500000,1.500000,14.735401,23.593100
t1012,32.500000,1.500000,14.758212,23.614458
t1013,32.500000,1.500000,14.781022,23.635816
t1014,32.500000,1.500000,14.803832,23.657174
t1015,32.500000,1.500000,14.826642,23.678532
t1016,32.500000,1.500000,14.849453,23.699890
t1017,32.500000,1.500000,14.872263,23.721249
t1018,32.500000,1.500000,14.895073,23.742607
t1019,32.500000,1.500000,14.917883,23.763965
t1020,32.500000,1.500000,14.940693,23.785323
t1021,32.500000,1.500000,14.963504,23.806681
t1022,32.500000,1.500000,14.986314,23.828039
t1023,32.500000,1.500000,15.009124,23.849398
t1024,32.500000,1.500000,15.031934,23.870756
t1025,32.500000,1.500000,15.054745,23.892114
t1026,32.500000,1.500000,15.077555,23.913472
t1027,32.500000,1.500000,15.100365,23.934830
t1028,32.500000,1.500000,15.123175,23.956188
t1029,32.500000,1.500000,15.145985,23.977547
t1030,32.500000,1.500000,15.168796,23.998905
t1031,32.500000,1.500000,15.191606,24.020263
t1032,32.500000,1.500000,15.214416,24.041621
t1033,32.500000,1.500000,15.237226,24.062979
t1034,32.500000,1.500000,15.260036,24.084337
t1035,32.500000,1.500000,15.282847,24.105696
t1036,32.500000,1.500000,15.305657,24.127054
t1037,32.500000,1.500000,15.328467,24.148412
t1038,32.500000,1.500000,15.351277,24.169770
t1039,32.500000,1.500000,15.374088,24.191128
t1040,32.500000,1.500000,15.396898,24.212486
t1041,32.500000,1.500000,15.419708,24.233844
t1042,32.500000,1.500000,15.442518,24.255203
t1043,32.500000,1.500000,15.465328,24.276561
t1044,32.500000,1.500000,15.488139,24.297919
t1045,32.500000,1.500000,15.510949,24.319277
t1046,32.500000,1.500000,15.533759,24.340635
t1047,32.500000,1.500000,15.556569,24.361993
t1048,32.500000,1.500000,15.579380,24.383352
t1049,32.500000,1.500000,15.602190,24.404710
t1050,32.500000,1.500000,15.625000,24.426068
t1051,32.500000,1.500000,15.647810,24.447426
t1052,32.500000,1.500000,15.670620,24.468784
t1053,32.500000,1.500000,15.693431,24.490142
t1054,32.500000,1.500000,15.716241,24.511501
t1055,32.500000,1.500000,15.739051,24.532859
t1056,32.500000,1.500000,15.761861,24.554217
t1057,32.500000,1.500000,15.784672,24.575575
t1058,32.500000,1.500000,15.807482,24.596933
t1059,32.500000,1.500000,15.830292,24.618291
t1060,32.500000,1.500000,15.853102,24.639650
t1061,32.500000,1.500000,15.875912,24.661008
t1062,32.500000,1.500000,15.898723,24.682366
t1063,32.500000,1.500000,15.921533,24.703724
t1064,32.500000,1.500000,15.944343,24.725082
t1065,32.500000,1.500000,15.967153,24.746440
t1066,32.500000,1.500000,15.989964,24.767798
t1067,32.500000,1.500000,16.012774,24.789157
t1068,32.500000,1.500000,16.035584,24.810515
t1069,32.500000,1.500000,16.058394,24.831873
t1070,32.500000,1.500000,16.081204,24.853231
t1071,32.500000,1.500000,16.104015,24.874589
t1072,32.500000,1.500000,16.126825,24.895947
t1073,32.500000,1.500000,16.149635,24.917306
t1074,32.500000,1.500000,16.172445,24.938664
t1075,32.500000,1.500000,16.195255,24.960022
t1076,32.500000,1.500000,16.218066,24.981380
t1077,32.500000,1.500000,16.240876,25.002738
t1078,32.500000,1.500000,16.263686,25.024096
t1079,32.500000,1.500000,16.286496,25.045455
t1080,32.500000,1.500000,16.309307,25.066813
t1081,32.500000,1.500000,16.332117,25.088171
t1082,32.500000,1.500000,16.354927,25.109529
t1083,32.500000,1.500000,16.377737,25.130887
t1084,32.500000,1.500000,16.400547,25.152245
t1085,32.500000,1.500000,16.423358,25.173604
t1086,32.500000,1.500000,16.446168,25.194962
t1087,32.500000,1.500000,16.468978,25.216320
t1088,32.500000,1.500000,16.491788,25.237678
t1089,32.500000,1.500000,16.514599,25.259036
t1090,32.500000,1.500000,16.537409,25.280394
t1091,32.500000,1.500000,16.560219,25.301752
t1092,32.500000,1.500000,16.583029,25.323111
t1093,32.500000,1.500000,16.605839,25.344469
t1094,32.500000,1.500000,16.628650,25.365827
t1095,32.500000,1.500000,16.651460,25.387185
t1096,32.500000,1.500000,16.674270,25.408543
t1097,32.500000,1.500000,16.697080,25.429901
t1098,32.500000,1.500000,16.719891,25.451260
t1099,32.500000,1.500000,16.742701,25.472618
t1100,32.500000,1.500000,16.765511,25.493976
t1101,32.500000,1.500000,16.788321,25.515334
t1102,32.500000,1.500000,16.811131,25.536692
t1103,32.500000,1.500000,16.833942,25.558050
t1104,32.500000,1.500000,16.856752,25.579409
t1105,32.500000,1.500000,16.879562,25.600767
t1106,32.500000,1.500000,16.902372,25.622125
t1107,32.500000,1.500000,16.925182,25.643483
t1108,32.500000,1.500000,16.947993,25.664841
t1109,32.500000,1.500000,16.970803,25.686199
t1110,32.500000,1.500000,16.993613,25.707558
t1111,32.500000,1.500000,17.016423,25.728916
t1112,32.500000,1.500000,17.039234,25.750274
t1113,32.500000,1.500000,17.062044,25.771632
t1114,32.500000,1.500000,17.084854,25.792990
t1115,32.500000,1.500000,17.107664,25.814348
t1116,32.500000,1.500000,17.130474,25.835706
t1117,32.500000,1.500000,17.153285,25.857065
t1118,32.500000,1.500000,17.176095,25.878423
t1119,32.500000,1.500000,17.198905,25.899781
t1120,32.500000,1.500000,17.221715,25.921139
t1121,32.500000,1.500000,17.244526,25.942497
t1122,32.500000,1.500000,17.267336,25.963855
t1123,32.500000,1.500000,17.290146,25.985214
t1124,32.500000,1.500000,17.312956,26.006572
t1125,32.500000,1.500000,17.335766,26.027930
t1126,32.500000,1.500000,17.358577,26.049288
t1127,32.500000,1.500000,17.381387,26.070646
t1128,32.500000,1.500000,17.404197,26.092004
t1129,32.500000,1.500000,17.427007,26.113363
t1130,32.500000,1.500000,17.449818,26.134721
t1131,32.500000,1.500000,17.472628,26.156079
t1132,32.500000,1.500000,17.495438,26.177437
t1133,32.500000,1.500000,17.518248,26.198795
t1134,32.500000,1.500000,17.541058,26.220153
t1135,32.500000,1.500000,17.563869,26.241512
t1136,32.500000,1.500000,17.586679,26.262870
t1137,32.500000,1.500000,17.609489,26.284228
t1138,32.500000,1.500000,17.632299,26.305586
t1139,32.500000,1.500000,17.655109,26.326944
t1140,32.500000,1.500000,17.677920,26.348302
t1141,32.500000,1.500000,17.700730,26.369660
t1142,32.500000,1.500000,17.723540,26.391019
t1143,32.500000,1.500000,17.746350,26.412377
t1144,32.500000,1.500000,17.769161,26.433735
t1145,32.500000,1.500000,17.791971,26.455093
t1146,32.500000,1.500000,17.814781,26.476451
t1147,32.500000,1.500000,17.837591,26.497809
t1148,32.500000,1.500000,17.860401,26.519168
t1149,32.500000,1.500000,17.883212,26.540526
t1150,32.500000,1.500000,17.906022,26.561884
t1151,32.500000,1.500000,17.928832,26.583242
t1152,32.500000,1.500000,17.951642,26.604600
t1153,32.500000,1.500000,17.974453,26.625958
t1154,32.500000,1.500000,17.997263,26.647317
t1155,32.500000,1.500000,18.020073,26.668675
t1156,32.500000,1.500000,18.042883,26.690033
t1157,32.500000,1.500000,18.065693,26.711391
t1158,32.500000,1.500000,18.088504,26.732749
t1159,32.500000,1.500000,18.111314,26.754107
t1160,32.500000,1.500000,18.134124,26.775465
t1161,32.500000,1.500000,18.156934,26.796824
t1162,32.500000,1.500000,18.179745,26.818182
t1163,32.500000,1.500000,18.202555,26.839540
t1164,32.500000,1.500000,18.225365,26.860898
t1165,32.500000,1.500000,18.248175,26.882256
t1166,32.500000,1.500000,18.270985,26.903614
t1167,32.500000,1.500000,18.293796,26.924973
t1168,32.500000,1.500000,18.316606,26.946331
t1169,32.500000,1.500000,18.339416,26.967689
t1170,32.500000,1.500000,18.362226,26.989047
t1171,32.500000,1.500000,18.385036,27.010405
t1172,32.500000,1.500000,18.407847,27.031763
t1173,32.500000,1.500000,18.430657,27.053122
t1174,32.500000,1.500000,18.453467,27.074480
t1175,32.500000,1.500000,18.476277,27.095838
t1176,32.500000,1.500000,18.499088,27.117196
t1177,32.500000,1.500000,18.521898,27.138554
t1178,32.500000,1.500000,18.544708,27.159912
t1179,32.500000,1.500000,18.567518,27.181271
t1180,32.500000,1.500000,18.590328,27.202629
t1181,32.500000,1.500000,18.613139,27.223987
t1182,32.500000,1.500000,18.635949,27.245345
t1183,32.500000,1.500000,18.658759,27.266703
t1184,32.500000,1.500000,18.681569,27.288061
t1185,32.500000,1.500000,18.704380,27.309419
t1186,32.500000,1.500000,18.727190,27.330778
t1187,32.500000,1.500000,18.750000,27.352136
t1188,32.500000,1.500000,18.772810,27.373494
t1189,32.500000,1.500000,18.795620,27.394852
t1190,32.500000,1.500000,18.818431,27.416210
t1191,32.500000,1.500000,18.841241,27.437568
t1192,32.500000,1.500000,18.864051,27.458927
t1193,32.500000,1.500000,18.886861,27.480285
t1194,32.500000,1.500000,18.909672,27.501643
t1195,32.500000,1.500000,18.932482,27.523001
t1196,32.500000,1.500000,18.955292,27.544359
t1197,32.500000,1.500000,18.978102,27.565717
t1198,32.500000,1.500000,19.000912,27.587076
t1199,32.500000,1.500000,19.023723,27.608434
t1200,32.500000,1.500000,19.046533,27.629792
t1201,32.500000,1.500000,19.069343,27.651150
t1202,32.500000,1.500000,19.092153,27.672508
t1203,32.500000,1.500000,19.114964,27.693866
t1204,32.500000,1.500000,19.137774,27.715225
t1205,32.500000,1.500000,19.160584,27.736583
t1206,32.500000,1.500000,19.183394,27.757941
t1207,32.500000,1.500000,19.206204,27.779299
t1208,32.500000,1.500000,19.229015,27.800657
t1209,32.500000,1.500000,19.251825,27.822015
t1210,32.500000,1.500000,19.274635,27.843373
t1211,32.500000,1.500000,19.297445,27.864732
t1212,32.500000,1.500000,19.320255,27.886090
t1213,32.500000,1.500000,19.343066,27.907448
t1214,32.500000,1.500000,19.365876,27.928806
t1215,32.500000,1.500000,19.388686,27.950164
t1216,32.500000,1.500000,19.411496,27.971522
t1217,32.500000,1.500000,19.434307,27.992881
t1218,32.500000,1.500000,19.457117,28.014239
t1219,32.500000,1.500000,19.479927,28.035597
t1220,32.500000,1.500000,19.502737,28.056955
t1221,32.500000,1.500000,19.525547,28.078313
t1222,32.500000,1.500000,19.548358,28.099671
t1223,32.500000,1.500000,19.571168,28.121030
t1224,32.500000,1.500000,19.593978,28.142388
t1225,32.500000,1.500000,19.616788,28.163746
t1226,32.500000,1.500000,19.639599,28.185104
t1227,32.500000,1.500000,19.662409,28.206462
t1228,32.500000,1.500000,19.685219,28.227820
t1229,32.500000,1.500000,19.708029,28.249179
t1230,32.500000,1.500000,19.730839,28.270537
t1231,32.500000,1.500000,19.753650,28.291895
t1232,32.500000,1.500000,19.776460,28.313253
t1233,32.500000,1.500000,19.799270,28.334611
t1234,32.500000,1.500000,19.822080,28.355969
t1235,32.500000,1.500000,19.844891,28.377327
t1236,32.500000,1.500000,19.867701,28.398686
t1237,32.500000,1.500000,19.890511,28.420044
t1238,32.500000,1.500000,19.913321,28.441402
t1239,32.500000,1.500000,19.936131,28.462760
t1240,32.500000,1.500000,19.958942,28.484118
t1241,32.500000,1.500000,19.981752,28.505476
t1242,32.500000,1.500000,20.004562,28.526835
t1243,32.500000,1.500000,20.027372,28.548193
t1244,32.500000,1.500000,20.050182,28.569551
t1245,32.500000,1.500000,20.072993,28.590909
t1246,32.500000,1.500000,20.095803,28.612267
t1247,32.500000,1.500000,20.118613,28.633625
t1248,32.500000,1.500000,20.141423,28.654984
t1249,32.500000,1.500000,20.164234,28.676342
t1250,32.500000,1.500000,20.187044,28.697700
t1251,32.500000,1.500000,20.209854,28.719058
t1252,32.500000,1.500000,20.232664,28.740416
t1253,32.500000,1.500000,20.255474,28.761774
t1254,32.500000,1.500000,20.278285,28.783133
t1255,32.500000,1.500000,20.301095,28.804491
t1256,32.500000,1.500000,20.323905,28.825849
t1257,32.500000,1.500000,20.346715,28.847207
t1258,32.500000,1.500000,20.369526,28.868565
t1259,32.500000,1.500000,20.392336,28.889923
t1260,32.500000,1.500000,20.415146,28.911281
t1261,32.500000,1.500000,20.437956,28.932640
t1262,32.500000,1.500000,20.460766,28.953998
t1263,32.500000,1.500000,20.483577,28.975356
t1264,32.500000,1.500000,20.506387,28.996714
t1265,32.500000,1.500000,20.529197,29.018072
t1266,32.500000,1.500000,20.552007,29.039430
t1267,32.500000,1.500000,20.574818,29.060789
t1268,32.500000,1.500000,20.597628,29.082147
t1269,32.500000,1.500000,20.620438,29.103505
t1270,32.500000,1.500000,20.643248,29.124863
t1271,32.500000,1.500000,20.666058,29.146221
t1272,32.500000,1.500000,20.688869,29.167579
t1273,32.500000,1.500000,20.711679,29.188938
t1274,32.500000,1.500000,20.734489,29.210296
t1275,32.500000,1.500000,20.757299,29.231654
t1276,32.500000,1.500000,20.780109,29.253012
t1277,32.500000,1.500000,20.802920,29.274370
t1278,32.500000,1.500000,20.825730,29.295728
t1279,32.500000,1.500000,20.848540,29.317087
t1280,32.500000,1.500000,20.871350,29.338445
t1281,32.500000,1.500000,20.894161,29.359803
t1282,32.500000,1.500000,20.916971,29.381161
t1283,32.500000,1.500000,20.939781,29.402519
t1284,32.500000,1.500000,20.962591,29.423877
t1285,32.500000,1.500000,20.985401,29.445235
t1286,32.500000,1.500000,21.008212,29.466594
t1287,32.500000,1.500000,21.031022,29.487952
t1288,32.500000,1.500000,21.053832,29.509310
t1289,32.500000,1.500000,21.076642,29.530668
t1290,32.500000,1.500000,21.099453,29.552026
t1291,32.500000,1.500000,21.122263,29.573384
t1292,32.500000,1.500000,21.145073,29.594743
t1293,32.500000,1.500000,21.167883,29.616101
t1294,32.500000,1.500000,21.190693,29.637459
t1295,32.500000,1.500000,21.213504,29.658817
t1296,32.500000,1.500000,21.236314,29.680175
t1297,32.500000,1.500000,21.259124,29.701533
t1298,32.500000,1.500000,21.281934,29.722892
t1299,32.500000,1.500000,21.304745,29.744250
t1300,32.500000,1.500000,21.327555,29.765608
t1301,32.500000,1.500000,21.350365,29.786966
t1302,32.500000,1.500000,21.373175,29.808324
t1303,32.500000,1.500000,21.395985,29.829682
t1304,32.500000,1.500000,21.418796,29.851041
t1305,32.500000,1.500000,21.441606,29.872399
t1306,32.500000,1.500000,21.464416,29.893757
t1307,32.500000,1.500000,21.487226,29.915115
t1308,32.500000,1.500000,21.510036,29.936473
t1309,32.500000,1.500000,21.532847,29.957831
t1310,32.500000,1.500000,21.555657,29.979189
t1311,32.500000,1.500000,21.578467,30.000548
t1312,32.500000,1.500000,21.601277,30.021906
t1313,32.500000,1.500000,21.624088,30.043264
t1314,32.500000,1.500000,21.646898,30.064622
t1315,32.500000,1.500000,21.669708,30.085980
t1316,32.500000,1.500000,21.692518,30.107338
t1317,32.500000,1.500000,21.715328,30.128697
t1318,32.500000,1.500000,21.738139,30.150055
t1319,32.500000,1.500000,21.760949,30.171413
t1320,32.500000,1.500000,21.783759,30.192771
t1321,32.500000,1.500000,21.806569,30.214129
t1322,32.500000,1.500000,21.829380,30.235487
t1323,32.500000,1.500000,21.852190,30.256846
t1324,32.500000,1.500000,21.875000,30.278204
t1325,32.500000,1.500000,21.897810,30.299562
t1326,32.500000,1.500000,21.920620,30.320920
t1327,32.500000,1.500000,21.943431,30.342278
t1328,32.500000,1.500000,21.966241,30.363636
t1329,32.500000,1.500000,21.989051,30.384995
t1330,32.500000,1.500000,22.011861,30.406353
t1331,32.500000,1.500000,22.034672,30.427711
t1332,32.500000,1.500000,22.057482,30.449069
t1333,32.500000,1.500000,22.080292,30.470427
t1334,32.500000,1.500000,22.103102,30.491785
t1335,32.500000,1.500000,22.125912,30.513143
t1336,32.500000,1.500000,22.148723,30.534502
t1337,32.500000,1.500000,22.171533,30.555860
t1338,32.500000,1.500000,22.194343,30.577218
t1339,32.500000,1.500000,22.217153,30.598576
t1340,32.500000,1.500000,22.239964,30.619934
t1341,32.500000,1.500000,22.262774,30.641292
t1342,32.500000,1.500000,22.285584,30.662651
t1343,32.500000,1.500000,22.308394,30.684009
t1344,32.500000,1.500000,22.331204,30.705367
t1345,32.500000,1.500000,22.354015,30.726725
t1346,32.500000,1.500000,22.376825,30.748083
t1347,32.500000,1.500000,22.399635,30.769441
t1348,32.500000,1.500000,22.422445,30.790800
t1349,32.500000,1.500000,22.445255,30.812158
t1350,32.500000,1.500000,22.468066,30.833516
t1351,32.500000,1.500000,22.490876,30.854874
t1352,32.500000,1.500000,22.513686,30.876232
t1353,32.500000,1.500000,22.536496,30.897590
t1354,32.500000,1.500000,22.559307,30.918949
t1355,32.500000,1.500000,22.582117,30.940307
t1356,32.500000,1.500000,22.604927,30.961665
t1357,32.500000,1.500000,22.627737,30.983023
t1358,32.500000,1.500000,22.650547,31.004381
t1359,32.500000,1.500000,22.673358,31.025739
t1360,32.500000,1.500000,22.696168,31.047097
t1361,32.500000,1.500000,22.718978,31.068456
t1362,32.500000,1.500000,22.741788,31.089814
t1363,32.500000,1.500000,22.764599,31.111172
t1364,32.500000,1.500000,22.787409,31.132530
t1365,32.500000,1.500000,22.810219,31.153888
t1366,32.500000,1.500000,22.833029,31.175246
t1367,32.500000,1.500000,22.855839,31.196605
t1368,32.500000,1.500000,22.878650,31.217963
t1369,32.500000,1.500000,22.901460,31.239321
t1370,32.500000,1.500000,22.924270,31.260679
t1371,32.500000,1.500000,22.947080,31.282037
t1372,32.500000,1.500000,22.969891,31.303395
t1373,32.500000,1.500000,22.992701,31.324754
t1374,32.500000,1.500000,23.015511,31.346112
t1375,32.500000,1.500000,23.038321,31.367470
t1376,32.500000,1.500000,23.061131,31.388828
t1377,32.500000,1.500000,23.083942,31.410186
t1378,32.500000,1.500000,23.106752,31.431544
t1379,32.500000,1.500000,23.129562,31.452903
t1380,32.500000,1.500000,23.152372,31.474261
t1381,32.500000,1.500000,23.175182,31.495619
t1382,32.500000,1.500000,23.197993,31.516977
t1383,32.500000,1.500000,23.220803,31.538335
t1384,32.500000,1.500000,23.243613,31.559693
t1385,32.500000,1.500000,23.266423,31.581051
t1386,32.500000,1.500000,23.289234,31.602410
t1387,32.500000,1.500000,23.312044,31.623768
t1388,32.500000,1.500000,23.334854,31.645126
t1389,32.500000,1.500000,23.357664,31.666484
t1390,32.500000,1.500000,23.380474,31.687842
t1391,32.500000,1.500000,23.403285,31.709200
t1392,32.500000,1.500000,23.426095,31.730559
t1393,32.500000,1.500000,23.448905,31.751917
t1394,32.500000,1.500000,23.471715,31.773275
t1395,32.500000,1.500000,23.494526,31.794633
t1396,32.500000,1.500000,23.517336,31.815991
t1397,32.500000,1.500000,23.540146,31.837349
t1398,32.500000,1.500000,23.562956,31.858708
t1399,32.500000,1.500000,23.585766,31.880066
t1400,32.500000,1.500000,23.608577,31.901424
t1401,32.500000,1.500000,23.631387,31.922782
t1402,32.500000,1.500000,23.654197,31.944140
t1403,32.500000,1.500000,23.677007,31.965498
t1404,32.500000,1.500000,23.699818,31.986857
t1405,32.500000,1.500000,23.722628,32.008215
t1406,32.500000,1.500000,23.745438,32.029573
t1407,32.500000,1.500000,23.768248,32.050931
t1408,32.500000,1.500000,23.791058,32.072289
t1409,32.500000,1.500000,23.813869,32.093647
t1410,32.500000,1.500000,23.836679,32.115005
t1411,32.500000,1.500000,23.859489,32.136364
t1412,32.500000,1.500000,23.882299,32.157722
t1413,32.500000,1.500000,23.905109,32.179080
t1414,32.500000,1.500000,23.927920,32.200438
t1415,32.500000,1.500000,23.950730,32.221796
t1416,32.500000,1.500000,23.973540,32.243154
t1417,32.500000,1.500000,23.996350,32.264513
t1418,32.500000,1.500000,24.019161,32.285871
t1419,32.500000,1.500000,24.041971,32.307229
t1420,32.500000,1.500000,24.064781,32.328587
t1421,32.500000,1.500000,24.087591,32.349945
t1422,32.500000,1.500000,24.110401,32.371303
t1423,32.500000,1.500000,24.133212,32.392662
t1424,32.500000,1.500000,24.156022,32.414020
t1425,32.500000,1.500000,24.178832,32.435378
t1426,32.500000,1.500000,24.201642,32.456736
t1427,32.500000,1.500000,24.224453,32.478094
t1428,32.500000,1.500000,24.247263,32.499452
t1429,32.500000,1.500000,24.270073,32.520811
t1430,32.500000,1.500000,24.292883,32.542169
t1431,32.500000,1.500000,24.315693,32.563527
t1432,32.500000,1.500000,24.338504,32.584885
t1433,32.500000,1.500000,24.361314,32.606243
t1434,32.500000,1.500000,24.384124,32.627601
t1435,32.500000,1.500000,24.406934,32.648959
t1436,32.500000,1.500000,24.429745,32.670318
t1437,32.500000,1.500000,24.452555,32.691676
t1438,32.500000,1.500000,24.475365,32.713034
t1439,32.500000,1.500000,24.498175,32.734392
t1440,32.500000,1.500000,24.520985,32.755750
t1441,32.500000,1.500000,24.543796,32.777108
t1442,32.500000,1.500000,24.566606,32.798467
t1443,32.500000,1.500000,24.589416,32.819825
t1444,32.500000,1.500000,24.612226,32.841183
t1445,32.500000,1.500000,24.635036,32.862541
t1446,32.500000,1.500000,24.657847,32.883899
t1447,32.500000,1.500000,24.680657,32.905257
t1448,32.500000,1.500000,24.703467,32.926616
t1449,32.500000,1.500000,24.726277,32.947974
t1450,32.500000,1.500000,24.749088,32.969332
t1451,32.500000,1.500000,24.771898,32.990690
t1452,32.500000,1.500000,24.794708,33.012048
t1453,32.500000,1.500000,24.817518,33.033406
t1454,32.500000,1.500000,24.840328,33.054765
t1455,32.500000,1.500000,24.863139,33.076123
t1456,32.500000,1.500000,24.885949,33.097481
t1457,32.500000,1.500000,24.908759,33.118839
t1458,32.500000,1.500000,24.931569,33.140197
t1459,32.500000,1.500000,24.954380,33.161555
t1460,32.500000,1.500000,24.977190,33.182913
t1461,32.500000,1.500000,25.000000,33.204272
t1462,32.500000,1.500000,25.000000,33.225630
t1463,32.500000,1.500000,25.000000,33.246988
t1464,32.500000,1.500000,25.000000,33.268346
t1465,32.500000,1.500000,25.000000,33.289704
t1466,32.500000,1.500000,25.000000,33.311062
t1467,32.500000,1.500000,25.000000,33.332421
t1468,32.500000,1.500000,25.000000,33.353779
t1469,32.500000,1.500000,25.000000,33.375137
t1470,32.500000,1.500000,25.000000,33.396495
t1471,32.500000,1.500000,25.000000,33.417853
t1472,32.500000,1.500000,25.000000,33.439211
t1473,32.500000,1.500000,25.000000,33.460570
t1474,32.500000,1.500000,25.000000,33.481928
t1475,32.500000,1.500000,25.000000,33.503286
t1476,32.500000,1.500000,25.000000,33.524644
t1477,32.500000,1.500000,25.000000,33.546002
t1478,32.500000,1.500000,25.000000,33.567360
t1479,32.500000,1.500000,25.000000,33.588719
t1480,32.500000,1.500000,25.000000,33.610077
t1481,32.500000,1.500000,25.000000,33.631435
t1482,32.500000,1.500000,25.000000,33.652793
t1483,32.500000,1.500000,25.000000,33.674151
t1484,32.500000,1.500000,25.000000,33.695509
t1485,32.500000,1.500000,25.000000,33.716867
t1486,32.500000,1.500000,25.000000,33.738226
t1487,32.500000,1.500000,25.000000,33.759584
t1488,32.500000,1.500000,25.000000,33.780942
t1489,32.500000,1.500000,25.000000,33.802300
t1490,32.500000,1.500000,25.000000,33.823658
t1491,32.500000,1.500000,25.000000,33.845016
t1492,32.500000,1.500000,25.000000,33.866375
t1493,32.500000,1.500000,25.000000,33.887733
t1494,32.500000,1.500000,25.000000,33.909091
t1495,32.500000,1.500000,25.000000,33.930449
t1496,32.500000,1.500000,25.000000,33.951807
t1497,32.500000,1.500000,25.000000,33.973165
t1498,32.500000,1.500000,25.000000,33.994524
t1499,32.500000,1.500000,25.000000,34.015882
t1500,32.500000,1.500000,25.000000,34.037240
t1501,32.500000,1.500000,25.000000,34.058598
t1502,32.500000,1.500000,25.000000,34.079956
t1503,32.500000,1.500000,25.000000,34.101314
t1504,32.500000,1.500000,25.000000,34.122673
t1505,32.500000,1.500000,25.000000,34.144031
t1506,32.500000,1.500000,25.000000,34.165389
t1507,32.500000,1.500000,25.000000,34.186747
t1508,32.500000,1.500000,25.000000,34.208105
t1509,32.500000,1.500000,25.000000,34.229463
t1510,32.500000,1.500000,25.000000,34.250821
t1511,32.500000,1.500000,25.000000,34.272180
t1512,32.500000,1.500000,25.000000,34.293538
t1513,32.500000,1.500000,25.000000,34.314896
t1514,32.500000,1.500000,25.000000,34.336254
t1515,32.500000,1.500000,25.000000,34.357612
t1516,32.500000,1.500000,25.000000,34.378970
t1517,32.500000,1.500000,25.000000,34.400329
t1518,32.500000,1.500000,25.000000,34.421687
t1519,32.500000,1.500000,25.000000,34.443045
t1520,32.500000,1.500000,25.000000,34.464403
t1521,32.500000,1.500000,25.000000,34.485761
t1522,32.500000,1.500000,25.000000,34.507119
t1523,32.500000,1.500000,25.000000,34.528478
t1524,32.500000,1.500000,25.000000,34.549836
t1525,32.500000,1.500000,25.000000,34.571194
t1526,32.500000,1.500000,25.000000,34.592552
t1527,32.500000,1.500000,25.000000,34.613910
t1528,32.500000,1.500000,25.000000,34.635268
t1529,32.500000,1.500000,25.000000,34.656627
t1530,32.500000,1.500000,25.000000,34.677985
t1531,32.500000,1.500000,25.000000,34.699343
t1532,32.500000,1.500000,25.000000,34.720701
t1533,32.500000,1.500000,25.000000,34.742059
t1534,32.500000,1.500000,25.000000,34.763417
t1535,32.500000,1.500000,25.000000,34.784775
t1536,32.500000,1.500000,25.000000,34.806134
t1537,32.500000,1.500000,25.000000,34.827492
t1538,32.500000,1.500000,25.000000,34.848850
t1539,32.500000,1.500000,25.000000,34.870208
t1540,32.500000,1.500000,25.000000,34.891566
t1541,32.500000,1.500000,25.000000,34.912924
t1542,32.500000,1.500000,25.000000,34.934283
t1543,32.500000,1.500000,25.000000,34.955641
t1544,32.500000,1.500000,25.000000,34.976999
t1545,32.500000,1.500000,25.000000,34.998357
t1546,32.500000,1.500000,25.000000,35.019715
t1547,32.500000,1.500000,25.000000,35.041073
t1548,32.500000,1.500000,25.000000,35.062432
t1549,32.500000,1.500000,25.000000,35.083790
t1550,32.500000,1.500000,25.000000,35.105148
t1551,32.500000,1.500000,25.000000,35.126506
t1552,32.500000,1.500000,25.000000,35.147864
t1553,32.500000,1.500000,25.000000,35.169222
t1554,32.500000,1.500000,25.000000,35.190581
t1555,32.500000,1.500000,25.000000,35.211939
t1556,32.500000,1.500000,25.000000,35.233297
t1557,32.500000,1.500000,25.000000,35.254655
t1558,32.500000,1.500000,25.000000,35.276013
t1559,32.500000,1.500000,25.000000,35.297371
t1560,32.500000,1.500000,25.000000,35.318729
t1561,32.500000,1.500000,25.000000,35.340088
t1562,32.500000,1.500000,25.000000,35.361446
t1563,32.500000,1.500000,25.000000,35.382804
t1564,32.500000,1.500000,25.000000,35.404162
t1565,32.500000,1.500000,25.000000,35.425520
t1566,32.500000,1.500000,25.000000,35.446878
t1567,32.500000,1.500000,25.000000,35.468237
t1568,32.500000,1.500000,25.000000,35.489595
t1569,32.500000,1.500000,25.000000,35.510953
t1570,32.500000,1.500000,25.000000,35.532311
t1571,32.500000,1.500000,25.000000,35.553669
t1572,32.500000,1.500000,25.000000,35.575027
t1573,32.500000,1.500000,25.000000,35.596386
t1574,32.500000,1.500000,25.000000,35.617744
t1575,32.500000,1.500000,25.000000,35.639102
t1576,32.500000,1.500000,25.000000,35.660460
t1577,32.500000,1.500000,25.000000,35.681818
t1578,32.500000,1.500000,25.000000,35.703176
t1579,32.500000,1.500000,25.000000,35.724535
t1580,32.500000,1.500000,25.000000,35.745893
t1581,32.500000,1.500000,25.000000,35.767251
t1582,32.500000,1.500000,25.000000,35.788609
t1583,32.500000,1.500000,25.000000,35.809967
t1584,32.500000,1.500000,25.000000,35.831325
t1585,32.500000,1.500000,25.000000,35.852683
t1586,32.500000,1.500000,25.000000,35.874042
t1587,32.500000,1.500000,25.000000,35.895400
t1588,32.500000,1.500000,25.000000,35.916758
t1589,32.500000,1.500000,25.000000,35.938116
t1590,32.500000,1.500000,25.000000,35.959474
t1591,32.500000,1.500000,25.000000,35.980832
t1592,32.500000,1.500000,25.000000,36.002191
t1593,32.500000,1.500000,25.000000,36.023549
t1594,32.500000,1.500000,25.000000,36.044907
t1595,32.500000,1.500000,25.000000,36.066265
t1596,32.500000,1.500000,25.000000,36.087623
t1597,32.500000,1.500000,25.000000,36.108981
t1598,32.500000,1.500000,25.000000,36.130340
t1599,32.500000,1.500000,25.000000,36.151698
t1600,32.500000,1.500000,25.000000,36.173056
t1601,32.500000,1.500000,25.000000,36.194414
t1602,32.500000,1.500000,25.000000,36.215772
t1603,32.500000,1.500000,25.000000,36.237130
t1604,32.500000,1.500000,25.000000,36.258488
t1605,32.500000,1.500000,25.000000,36.279847
t1606,32.500000,1.500000,25.000000,36.301205
t1607,32.500000,1.500000,25.000000,36.322563
t1608,32.500000,1.500000,25.000000,36.343921
t1609,32.500000,1.500000,25.000000,36.365279
t1610,32.500000,1.500000,25.000000,36.386637
t1611,32.500000,1.500000,25.000000,36.407996
t1612,32.500000,1.500000,25.000000,36.429354
t1613,32.500000,1.500000,25.000000,36.450712
t1614,32.500000,1.500000,25.000000,36.472070
t1615,32.500000,1.500000,25.000000,36.493428
t1616,32.500000,1.500000,25.000000,36.514786
t1617,32.500000,1.500000,25.000000,36.536145
t1618,32.500000,1.500000,25.000000,36.557503
t1619,32.500000,1.500000,25.000000,36.578861
t1620,32.500000,1.500000,25.000000,36.600219
t1621,32.500000,1.500000,25.000000,36.621577
t1622,32.500000,1.500000,25.000000,36.642935
t1623,32.500000,1.500000,25.000000,36.664294
t1624,32.500000,1.500000,25.000000,36.685652
t1625,32.500000,1.500000,25.000000,36.707010
t1626,32.500000,1.500000,25.000000,36.728368
t1627,32.500000,1.500000,25.000000,36.749726
t1628,32.500000,1.500000,25.000000,36.771084
t1629,32.500000,1.500000,25.000000,36.792442
t1630,32.500000,1.500000,25.000000,36.813801
t1631,32.500000,1.500000,25.000000,36.835159
t1632,32.500000,1.500000,25.000000,36.856517
t1633,32.500000,1.500000,25.000000,36.877875
t1634,32.500000,1.500000,25.000000,36.899233
t1635,32.500000,1.500000,25.000000,36.920591
t1636,32.500000,1.500000,25.000000,36.941950
t1637,32.500000,1.500000,25.000000,36.963308
t1638,32.500000,1.500000,25.000000,36.984666
t1639,32.500000,1.500000,25.000000,37.006024
t1640,32.500000,1.500000,25.000000,37.027382
t1641,32.500000,1.500000,25.000000,37.048740
t1642,32.500000,1.500000,25.000000,37.070099
t1643,32.500000,1.500000,25.000000,37.091457
t1644,32.500000,1.500000,25.000000,37.112815
t1645,32.500000,1.500000,25.000000,37.134173
t1646,32.500000,1.500000,25.000000,37.155531
t1647,32.500000,1.500000,25.000000,37.176889
t1648,32.500000,1.500000,25.000000,37.198248
t1649,32.500000,1.500000,25.000000,37.219606
t1650,32.500000,1.500000,25.000000,37.240964
t1651,32.500000,1.500000,25.000000,37.262322
t1652,32.500000,1.500000,25.000000,37.283680
t1653,32.500000,1.500000,25.000000,37.305038
t1654,32.500000,1.500000,25.000000,37.326396
t1655,32.500000,1.500000,25.000000,37.347755
t1656,32.500000,1.500000,25.000000,37.369113
t1657,32.500000,1.500000,25.000000,37.390471
t1658,32.500000,1.500000,25.000000,37.411829
t1659,32.500000,1.500000,25.000000,37.433187
t1660,32.500000,1.500000,25.000000,37.454545
t1661,32.500000,1.500000,25.000000,37.475904
t1662,32.500000,1.500000,25.000000,37.497262
t1663,32.500000,1.500000,25.000000,37.518620
t1664,32.500000,1.500000,25.000000,37.539978
t1665,32.500000,1.500000,25.000000,37.561336
t1666,32.500000,1.500000,25.000000,37.582694
t1667,32.500000,1.500000,25.000000,37.604053
t1668,32.500000,1.500000,25.000000,37.625411
t1669,32.500000,1.500000,25.000000,37.646769
t1670,32.500000,1.500000,25.000000,37.668127
t1671,32.500000,1.500000,25.000000,37.689485
t1672,32.500000,1.500000,25.000000,37.710843
t1673,32.500000,1.500000,25.000000,37.732202
t1674,32.500000,1.500000,25.000000,37.753560
t1675,32.500000,1.500000,25.000000,37.774918
t1676,32.500000,1.500000,25.000000,37.796276
t1677,32.500000,1.500000,25.000000,37.817634
t1678,32.500000,1.500000,25.000000,37.838992
t1679,32.500000,1.500000,25.000000,37.860350
t1680,32.500000,1.500000,25.000000,37.881709
t1681,32.500000,1.500000,25.000000,37.903067
t1682,32.500000,1.500000,25.000000,37.924425
t1683,32.500000,1.500000,25.000000,37.945783
t1684,32.500000,1.500000,25.000000,37.967141
t1685,32.500000,1.500000,25.000000,37.988499
t1686,32.500000,1.500000,25.000000,38.009858
t1687,32.500000,1.500000,25.000000,38.031216
t1688,32.500000,1.500000,25.000000,38.052574
t1689,32.500000,1.500000,25.000000,38.073932
t1690,32.500000,1.500000,25.000000,38.095290
t1691,32.500000,1.500000,25.000000,38.116648
t1692,32.500000,1.500000,25.000000,38.138007
t1693,32.500000,1.500000,25.000000,38.159365
t1694,32.500000,1.500000,25.000000,38.180723
t1695,32.500000,1.500000,25.000000,38.202081
t1696,32.500000,1.500000,25.000000,38.223439
t1697,32.500000,1.500000,25.000000,38.244797
t1698,32.500000,1.500000,25.000000,38.266156
t1699,32.500000,1.500000,25.000000,38.287514
t1700,32.500000,1.500000,25.000000,38.308872
t1701,32.500000,1.500000,25.000000,38.330230
t1702,32.500000,1.500000,25.000000,38.351588
t1703,32.500000,1.500000,25.000000,38.372946
t1704,32.500000,1.500000,25.000000,38.394304
t1705,32.500000,1.500000,25.000000,38.415663
t1706,32.500000,1.500000,25.000000,38.437021
t1707,32.500000,1.500000,25.000000,38.458379
t1708,32.500000,1.500000,25.000000,38.479737
t1709,32.500000,1.500000,25.000000,38.501095
t1710,32.500000,1.500000,25.000000,38.522453
t1711,32.500000,1.500000,25.000000,38.543812
t1712,32.500000,1.500000,25.000000,38.565170
t1713,32.500000,1.500000,25.000000,38.586528
t1714,32.500000,1.500000,25.000000,38.607886
t1715,32.500000,1.500000,25.000000,38.629244
t1716,32.500000,1.500000,25.000000,38.650602
t1717,32.500000,1.500000,25.000000,38.671961
t1718,32.500000,1.500000,25.000000,38.693319
t1719,32.500000,1.500000,25.000000,38.714677
t1720,32.500000,1.500000,25.000000,38.736035
t1721,32.500000,1.500000,25.000000,38.757393
t1722,32.500000,1.500000,25.000000,38.778751
t1723,32.500000,1.500000,25.000000,38.800110
t1724,32.500000,1.500000,25.000000,38.821468
t1725,32.500000,1.500000,25.000000,38.842826
t1726,32.500000,1.500000,25.000000,38.864184
t1727,32.500000,1.500000,25.000000,38.885542
t1728,32.500000,1.500000,25.000000,38.906900
t1729,32.500000,1.500000,25.000000,38.928258
t1730,32.500000,1.500000,25.000000,38.949617
t1731,32.500000,1.500000,25.000000,38.970975
t1732,32.500000,1.500000,25.000000,38.992333
t1733,32.500000,1.500000,25.000000,39.013691
t1734,32.500000,1.500000,25.000000,39.035049
t1735,32.500000,1.500000,25.000000,39.056407
t1736,32.500000,1.500000,25.000000,39.077766
t1737,32.500000,1.500000,25.000000,39.099124
t1738,32.500000,1.500000,25.000000,39.120482
t1739,32.500000,1.500000,25.000000,39.141840
t1740,32.500000,1.500000,25.000000,39.163198
t1741,32.500000,1.500000,25.000000,39.184556
t1742,32.500000,1.500000,25.000000,39.205915
t1743,32.500000,1.500000,25.000000,39.227273
t1744,32.500000,1.500000,25.000000,39.248631
t1745,32.500000,1.500000,25.000000,39.269989
t1746,32.500000,1.500000,25.000000,39.291347
t1747,32.500000,1.500000,25.000000,39.312705
t1748,32.500000,1.500000,25.000000,39.334064
t1749,32.500000,1.500000,25.000000,39.355422
t1750,32.500000,1.500000,25.000000,39.376780
t1751,32.500000,1.500000,25.000000,39.398138
t1752,32.500000,1.500000,25.000000,39.419496
t1753,32.500000,1.500000,25.000000,39.440854
t1754,32.500000,1.500000,25.000000,39.462212
t1755,32.500000,1.500000,25.000000,39.483571
t1756,32.500000,1.500000,25.000000,39.504929
t1757,32.500000,1.500000,25.000000,39.526287
t1758,32.500000,1.500000,25.000000,39.547645
t1759,32.500000,1.500000,25.000000,39.569003
t1760,32.500000,1.500000,25.000000,39.590361
t1761,32.500000,1.500000,25.000000,39.611720
t1762,32.500000,1.500000,25.000000,39.633078
t1763,32.500000,1.500000,25.000000,39.654436
t1764,32.500000,1.500000,25.000000,39.675794
t1765,32.500000,1.500000,25.000000,39.697152
t1766,32.500000,1.500000,25.000000,39.718510
t1767,32.500000,1.500000,25.000000,39.739869
t1768,32.500000,1.500000,25.000000,39.761227
t1769,32.500000,1.500000,25.000000,39.782585
t1770,32.500000,1.500000,25.000000,39.803943
t1771,32.500000,1.500000,25.000000,39.825301
t1772,32.500000,1.500000,25.000000,39.846659
t1773,32.500000,1.500000,25.000000,39.868018
t1774,32.500000,1.500000,25.000000,39.889376
t1775,32.500000,1.500000,25.000000,39.910734
t1776,32.500000,1.500000,25.000000,39.932092
t1777,32.500000,1.500000,25.000000,39.953450
t1778,32.500000,1.500000,25.000000,39.974808
t1779,32.500000,1.500000,25.000000,39.996166
t1780,32.500000,1.500000,25.000000,40.017525
t1781,32.500000,1.500000,25.000000,40.038883
t1782,32.500000,1.500000,25.000000,40.060241
t1783,32.500000,1.500000,25.000000,40.081599
t1784,32.500000,1.500000,25.000000,40.102957
t1785,32.500000,1.500000,25.000000,40.124315
t1786,32.500000,1.500000,25.000000,40.145674
t1787,32.500000,1.500000,25.000000,40.167032
t1788,32.500000,1.500000,25.000000,40.188390
t1789,32.500000,1.500000,25.000000,40.209748
t1790,32.500000,1.500000,25.000000,40.231106
t1791,32.500000,1.500000,25.000000,40.252464
t1792,32.500000,1.500000,25.000000,40.273823
t1793,32.500000,1.500000,25.000000,40.295181
t1794,32.500000,1.500000,25.000000,40.316539
t1795,32.500000,1.500000,25.000000,40.337897
t1796,32.500000,1.500000,25.000000,40.359255
t1797,32.500000,1.500000,25.000000,40.380613
t1798,32.500000,1.500000,25.000000,40.401972
t1799,32.500000,1.500000,25.000000,40.423330
t1800,32.500000,1.500000,25.000000,40.444688
t1801,32.500000,1.500000,25.000000,40.466046
t1802,32.500000,1.500000,25.000000,40.487404
t1803,32.500000,1.500000,25.000000,40.508762
t1804,32.500000,1.500000,25.000000,40.530120
t1805,32.500000,1.500000,25.000000,40.551479
t1806,32.500000,1.500000,25.000000,40.572837
t1807,32.500000,1.500000,25.000000,40.594195
t1808,32.500000,1.500000,25.000000,40.615553
t1809,32.500000,1.500000,25.000000,40.636911
t1810,32.500000,1.500000,25.000000,40.658269
t1811,32.500000,1.500000,25.000000,40.679628
t1812,32.500000,1.500000,25.000000,40.700986
t1813,32.500000,1.500000,25.000000,40.722344
t1814,32.500000,1.500000,25.000000,40.743702
t1815,32.500000,1.500000,25.000000,40.765060
t1816,32.500000,1.500000,25.000000,40.786418
t1817,32.500000,1.500000,25.000000,40.807777
t1818,32.500000,1.500000,25.000000,40.829135
t1819,32.500000,1.500000,25.000000,40.850493
t1820,32.500000,1.500000,25.000000,40.871851
t1821,32.500000,1.500000,25.000000,40.893209
t1822,32.500000,1.500000,25.000000,40.914567
t1823,32.500000,1.500000,25.000000,40.935926
t1824,32.500000,1.500000,25.000000,40.957284
t1825,32.500000,1.500000,25.000000,40.978642
t1826,32.500000,1.500000,25.000000,41.000000