date,amount
2020-12-18T00:00:00Z,363197500000000016384.00
2020-12-19T00:00:00Z,363197500000000016384.00
2020-12-20T00:00:00Z,363197500000000016384.00
2020-12-21T00:00:00Z,363197500000000016384.00
2020-12-22T00:00:00Z,363197500000000016384.00
2020-12-23T00:00:00Z,363197500000000016384.00
2020-12-24T00:00:00Z,363197500000000016384.00
2020-12-25T00:00:00Z,363197500000000016384.00
2020-12-26T00:00:00Z,363197500000000016384.00
2020-12-27T00:00:00Z,363197500000000016384.00
2020-12-28T00:00:00Z,363197500000000016384.00
2020-12-29T00:00:00Z,363197500000000016384.00
2020-12-30T00:00:00Z,363197500000000016384.00
2020-12-31T00:00:00Z,363197500000000016384.00
2021-01-01T00:00:00Z,363197500000000016384.00
2021-01-02T00:00:00Z,363197500000000016384.00
2021-01-03T00:00:00Z,363197500000000016384.00
2021-01-04T00:00:00Z,363197500000000016384.00
2021-01-05T00:00:00Z,363197500000000016384.00
2021-01-06T00:00:00Z,359197499999999950848.00
2021-01-07T00:00:00Z,359197499999999950848.00
2021-01-08T00:00:00Z,359197499999999950848.00
2021-01-09T00:00:00Z,359197499999999950848.00
2021-01-10T00:00:00Z,359197499999999950848.00
2021-01-11T00:00:00Z,359197499999999950848.00
2021-01-12T00:00:00Z,359197499999999950848.00
2021-01-13T00:00:00Z,359197499999999950848.00
2021-01-14T00:00:00Z,354197500000000016384.00
2021-01-15T00:00:00Z,354197500000000016384.00
2021-01-16T00:00:00Z,354197500000000016384.00
2021-01-17T00:00:00Z,354197500000000016384.00
2021-01-18T00:00:00Z,354197500000000016384.00
2021-01-19T00:00:00Z,354197500000000016384.00
2021-01-20T00:00:00Z,354197500000000016384.00
2021-01-21T00:00:00Z,354197500000000016384.00
2021-01-22T00:00:00Z,354197500000000016384.00
2021-01-23T00:00:00Z,354197500000000016384.00
2021-01-24T00:00:00Z,354197500000000016384.00
2021-01-25T00:00:00Z,354197500000000016384.00
2021-01-26T00:00:00Z,354197500000000016384.00
2021-01-27T00:00:00Z,354197500000000016384.00
2021-01-28T00:00:00Z,354197500000000016384.00
2021-01-29T00:00:00Z,354197500000000016384.00
2021-01-30T00:00:00Z,354197500000000016384.00
2021-01-31T00:00:00Z,354197500000000016384.00
2021-02-01T00:00:00Z,354197500000000016384.00
2021-02-02T00:00:00Z,354197500000000016384.00
2021-02-03T00:00:00Z,354197500000000016384.00
2021-02-04T00:00:00Z,354197500000000016384.00
2021-02-05T00:00:00Z,354197500000000016384.00
2021-02-06T00:00:00Z,354197500000000016384.00
2021-02-07T00:00:00Z,354197500000000016384.00
2021-02-08T00:00:00Z,354197500000000016384.00
2021-02-09T00:00:00Z,354197500000000016384.00
2021-02-10T00:00:00Z,354197500000000016384.00
2021-02-11T00:00:00Z,354197500000000016384.00
2021-02-12T00:00:00Z,349197500000000016384.00
2021-02-13T00:00:00Z,349197500000000016384.00
2021-02-14T00:00:00Z,349197500000000016384.00
2021-02-15T00:00:00Z,349166790183373504512.00
2021-02-16T00:00:00Z,349166790183373504512.00
2021-02-17T00:00:00Z,349166790183373504512.00
2021-02-18T00:00:00Z,349166790183373504512.00
2021-02-19T00:00:00Z,349166790183373504512.00
2021-02-20T00:00:00Z,349166790183373504512.00
2021-02-21T00:00:00Z,349166790183373504512.00
2021-02-22T00:00:00Z,349166790183373504512.00
2021-02-23T00:00:00Z,349166790183373504512.00
2021-02-24T00:00:00Z,349166790183373504512.00
2021-02-25T00:00:00Z,349166790183373504512.00
2021-02-26T00:00:00Z,349166790183373504512.00
2021-02-27T00:00:00Z,349166790183373504512.00
2021-02-28T00:00:00Z,349166790183373504512.00
2021-03-01T00:00:00Z,349166790183373504512.00
2021-03-02T00:00:00Z,349166790183373504512.00
2021-03-03T00:00:00Z,349166790183373504512.00
2021-03-04T00:00:00Z,348916790183373438976.00
2021-03-05T00:00:00Z,348916790183373438976.00
2021-03-06T00:00:00Z,348916790183373438976.00
2021-03-07T00:00:00Z,348916790183373438976.00
2021-03-08T00:00:00Z,348916790183373438976.00
2021-03-09T00:00:00Z,348816790183373438976.00
2021-03-10T00:00:00Z,348816790183373438976.00
2021-03-11T00:00:00Z,348816790183373438976.00
2021-03-12T00:00:00Z,343816790183373438976.00
2021-03-13T00:00:00Z,343816790183373438976.00
2021-03-14T00:00:00Z,343816790183373438976.00
2021-03-15T00:00:00Z,343816790183373438976.00
2021-03-16T00:00:00Z,343816790183373438976.00
2021-03-17T00:00:00Z,343816790183373438976.00
2021-03-18T00:00:00Z,343816790183373438976.00
2021-03-19T00:00:00Z,343816790183373438976.00
2021-03-20T00:00:00Z,343816790183373438976.00
2021-03-21T00:00:00Z,343816790183373438976.00
2021-03-22T00:00:00Z,343816790183373438976.00
2021-03-23T00:00:00Z,343816790183373438976.00
2021-03-24T00:00:00Z,343316790183373438976.00
2021-03-25T00:00:00Z,343316790183373438976.00
2021-03-26T00:00:00Z,343316790183373438976.00
2021-03-27T00:00:00Z,343316790183373438976.00
2021-03-28T00:00:00Z,343316790183373438976.00
2021-03-29T00:00:00Z,343316790183373438976.00
2021-03-30T00:00:00Z,343316790183373438976.00
2021-03-31T00:00:00Z,343316790183373438976.00
2021-04-01T00:00:00Z,343316790183373438976.00
2021-04-02T00:00:00Z,343316790183373438976.00
2021-04-03T00:00:00Z,343316790183373438976.00
2021-04-04T00:00:00Z,343316790183373438976.00
2021-04-05T00:00:00Z,343316790183373438976.00
2021-04-06T00:00:00Z,343316790183373438976.00
2021-04-07T00:00:00Z,343316790183373438976.00
2021-04-08T00:00:00Z,343076790183373438976.00
2021-04-09T00:00:00Z,343076790183373438976.00
2021-04-10T00:00:00Z,343076790183373438976.00
2021-04-11T00:00:00Z,338276790183373504512.00
2021-04-12T00:00:00Z,338276790183373504512.00
2021-04-13T00:00:00Z,338276790183373504512.00
2021-04-14T00:00:00Z,338276790183373504512.00
2021-04-15T00:00:00Z,338276790183373504512.00
2021-04-16T00:00:00Z,338276790183373504512.00
2021-04-17T00:00:00Z,338276790183373504512.00
2021-04-18T00:00:00Z,338276790183373504512.00
2021-04-19T00:00:00Z,338276790183373504512.00
2021-04-20T00:00:00Z,338276790183373504512.00
2021-04-21T00:00:00Z,338276790183373504512.00
2021-04-22T00:00:00Z,338276790183373504512.00
2021-04-23T00:00:00Z,338276790183373504512.00
2021-04-24T00:00:00Z,338276790183373504512.00
2021-04-25T00:00:00Z,338276790183373504512.00
2021-04-26T00:00:00Z,338276790183373504512.00
2021-04-27T00:00:00Z,338276790183373504512.00
2021-04-28T00:00:00Z,338276790183373504512.00
2021-04-29T00:00:00Z,338276790183373504512.00
2021-04-30T00:00:00Z,338276790183373504512.00
2021-05-01T00:00:00Z,338276790183373504512.00
2021-05-02T00:00:00Z,338276790183373504512.00
2021-05-03T00:00:00Z,239211975368558608384.00
2021-05-04T00:00:00Z,140147160553743810560.00
2021-05-05T00:00:00Z,140147160553743810560.00
2021-05-06T00:00:00Z,140147160553743810560.00
2021-05-07T00:00:00Z,140147160553743810560.00
2021-05-08T00:00:00Z,140147160553743810560.00
2021-05-09T00:00:00Z,140147160553743810560.00
2021-05-10T00:00:00Z,140147160553743810560.00
2021-05-11T00:00:00Z,140147160553743810560.00
2021-05-12T00:00:00Z,140147160553743810560.00
2021-05-13T00:00:00Z,140147160553743810560.00
2021-05-14T00:00:00Z,140147160553743810560.00
2021-05-15T00:00:00Z,136397160553743826944.00
2021-05-16T00:00:00Z,136397160553743826944.00
2021-05-17T00:00:00Z,136397160553743826944.00
2021-05-18T00:00:00Z,136397160553743826944.00
2021-05-19T00:00:00Z,136397160553743826944.00
2021-05-20T00:00:00Z,136397160553743826944.00
2021-05-21T00:00:00Z,136397160553743826944.00
2021-05-22T00:00:00Z,136397160553743826944.00
2021-05-23T00:00:00Z,136397160553743826944.00
2021-05-24T00:00:00Z,136397160553743826944.00
2021-05-25T00:00:00Z,136397160553743826944.00
2021-05-26T00:00:00Z,136397160553743826944.00
2021-05-27T00:00:00Z,136397160553743826944.00
2021-05-28T00:00:00Z,136397160553743826944.00
2021-05-29T00:00:00Z,136397160553743826944.00
2021-05-30T00:00:00Z,136397160553743826944.00
2021-05-31T00:00:00Z,136397160553743826944.00
2021-06-01T00:00:00Z,136397160553743826944.00
2021-06-02T00:00:00Z,136397160553743826944.00
2021-06-03T00:00:00Z,235924938331521581056.00
2021-06-04T00:00:00Z,235924938331521581056.00
2021-06-05T00:00:00Z,235924938331521581056.00
2021-06-06T00:00:00Z,235924938331521581056.00
2021-06-07T00:00:00Z,235924938331521581056.00
2021-06-08T00:00:00Z,235924938331521581056.00
2021-06-09T00:00:00Z,235924938331521581056.00
2021-06-10T00:00:00Z,235924938331521581056.00
2021-06-11T00:00:00Z,232174938331521613824.00
2021-06-12T00:00:00Z,232174938331521613824.00
2021-06-13T00:00:00Z,232174938331521613824.00
2021-06-14T00:00:00Z,232174938331521613824.00
2021-06-15T00:00:00Z,232174938331521613824.00
2021-06-16T00:00:00Z,232174938331521613824.00
2021-06-17T00:00:00Z,232174938331521613824.00
2021-06-18T00:00:00Z,232174938331521613824.00
2021-06-19T00:00:00Z,232174938331521613824.00
2021-06-20T00:00:00Z,232174938331521613824.00
2021-06-21T00:00:00Z,232174938331521613824.00
2021-06-22T00:00:00Z,232174938331521613824.00
2021-06-23T00:00:00Z,232174938331521613824.00
2021-06-24T00:00:00Z,232174938331521613824.00
2021-06-25T00:00:00Z,232174938331521613824.00
2021-06-26T00:00:00Z,232174938331521613824.00
2021-06-27T00:00:00Z,232174938331521613824.00
2021-06-28T00:00:00Z,232174938331521613824.00
2021-06-29T00:00:00Z,232174938331521613824.00
2021-06-30T00:00:00Z,232174938331521613824.00
2021-07-01T00:00:00Z,232174938331521613824.00
2021-07-02T00:00:00Z,232174938331521613824.00
2021-07-03T00:00:00Z,232174938331521613824.00
2021-07-04T00:00:00Z,232174938331521613824.00
2021-07-05T00:00:00Z,232174938331521613824.00
2021-07-06T00:00:00Z,232174938331521613824.00
2021-07-07T00:00:00Z,232174938331521613824.00
2021-07-08T00:00:00Z,232174938331521613824.00
2021-07-09T00:00:00Z,232174938331521613824.00
2021-07-10T00:00:00Z,232174938331521613824.00
2021-07-11T00:00:00Z,232174938331521613824.00
2021-07-12T00:00:00Z,232174938331521613824.00
2021-07-13T00:00:00Z,232174938331521613824.00
2021-07-14T00:00:00Z,228424938331521581056.00
2021-07-15T00:00:00Z,228424938331521581056.00
2021-07-16T00:00:00Z,228424938331521581056.00
2021-07-17T00:00:00Z,228424938331521581056.00
2021-07-18T00:00:00Z,228424938331521581056.00
2021-07-19T00:00:00Z,228424938331521581056.00
2021-07-20T00:00:00Z,228424938331521581056.00
2021-07-21T00:00:00Z,228424938331521581056.00
2021-07-22T00:00:00Z,228424938331521581056.00
2021-07-23T00:00:00Z,228424938331521581056.00
2021-07-24T00:00:00Z,228424938331521581056.00
2021-07-25T00:00:00Z,228424938331521581056.00
2021-07-26T00:00:00Z,228424938331521581056.00
2021-07-27T00:00:00Z,228424938331521581056.00
2021-07-28T00:00:00Z,228424938331521581056.00
2021-07-29T00:00:00Z,228424938331521581056.00
2021-07-30T00:00:00Z,228424938331521581056.00
2021-07-31T00:00:00Z,228424938331521581056.00
2021-08-01T00:00:00Z,228174938331521613824.00
2021-08-02T00:00:00Z,228174938331521613824.00
2021-08-03T00:00:00Z,228174938331521613824.00
2021-08-04T00:00:00Z,228174938331521613824.00
2021-08-05T00:00:00Z,228174938331521613824.00
2021-08-06T00:00:00Z,228174938331521613824.00
2021-08-07T00:00:00Z,224327258331521613824.00
2021-08-08T00:00:00Z,224327258331521613824.00
2021-08-09T00:00:00Z,224327258331521613824.00
2021-08-10T00:00:00Z,224327258331521613824.00
2021-08-11T00:00:00Z,224327258331521613824.00
2021-08-12T00:00:00Z,224327258331521613824.00
2021-08-13T00:00:00Z,224327258331521613824.00
2021-08-14T00:00:00Z,224127258331521613824.00
2021-08-15T00:00:00Z,224127258331521613824.00
2021-08-16T00:00:00Z,224127258331521613824.00
2021-08-17T00:00:00Z,224127258331521613824.00
2021-08-18T00:00:00Z,224127258331521613824.00
2021-08-19T00:00:00Z,224127258331521613824.00
2021-08-20T00:00:00Z,224127258331521613824.00
2021-08-21T00:00:00Z,223189920821471608832.00
2021-08-22T00:00:00Z,223189920821471608832.00
2021-08-23T00:00:00Z,223189920821471608832.00
2021-08-24T00:00:00Z,223189920821471608832.00
2021-08-25T00:00:00Z,223189920821471608832.00
2021-08-26T00:00:00Z,223189920821471608832.00
2021-08-27T00:00:00Z,223189920821471608832.00
2021-08-28T00:00:00Z,223033390821471584256.00
2021-08-29T00:00:00Z,223033390821471584256.00
2021-08-30T00:00:00Z,223033390821471584256.00
2021-08-31T00:00:00Z,223033390821471584256.00
2021-09-01T00:00:00Z,223033390821471584256.00
2021-09-02T00:00:00Z,223033390821471584256.00
2021-09-03T00:00:00Z,223033390821471584256.00
2021-09-04T00:00:00Z,219509623635471597568.00
2021-09-05T00:00:00Z,219509623635471597568.00
2021-09-06T00:00:00Z,219509623635471597568.00
2021-09-07T00:00:00Z,219509623635471597568.00
2021-09-08T00:00:00Z,219509623635471597568.00
2021-09-09T00:00:00Z,219509623635471597568.00
2021-09-10T00:00:00Z,219509623635471597568.00
2021-09-11T00:00:00Z,215411373635471605760.00
2021-09-12T00:00:00Z,215411373635471605760.00
2021-09-13T00:00:00Z,215411373635471605760.00
2021-09-14T00:00:00Z,215411373635471605760.00
2021-09-15T00:00:00Z,215411373635471605760.00
2021-09-16T00:00:00Z,215411373635471605760.00
2021-09-17T00:00:00Z,215411373635471605760.00
2021-09-18T00:00:00Z,213890589635471605760.00
2021-09-19T00:00:00Z,213890589635471605760.00
2021-09-20T00:00:00Z,213890589635471605760.00
2021-09-21T00:00:00Z,213890589635471605760.00
2021-09-22T00:00:00Z,213890589635471605760.00
2021-09-23T00:00:00Z,213890589635471605760.00
2021-09-24T00:00:00Z,213890589635471605760.00
2021-09-25T00:00:00Z,213487089635471622144.00
2021-09-26T00:00:00Z,213487089635471622144.00
2021-09-27T00:00:00Z,213487089635471622144.00
2021-09-28T00:00:00Z,213487089635471622144.00
2021-09-29T00:00:00Z,213487089635471622144.00
2021-09-30T00:00:00Z,213487089635471622144.00
2021-10-01T00:00:00Z,213487089635471622144.00
2021-10-02T00:00:00Z,213385956215471603712.00
2021-10-03T00:00:00Z,213385956215471603712.00
2021-10-04T00:00:00Z,213385956215471603712.00
2021-10-05T00:00:00Z,213385956215471603712.00
2021-10-06T00:00:00Z,213385956215471603712.00
2021-10-07T00:00:00Z,213385956215471603712.00
2021-10-08T00:00:00Z,213385956215471603712.00
2021-10-09T00:00:00Z,209044493252508647424.00
2021-10-10T00:00:00Z,209044493252508647424.00
2021-10-11T00:00:00Z,209044493252508647424.00
2021-10-12T00:00:00Z,209044493252508647424.00
2021-10-13T00:00:00Z,209044493252508647424.00
2021-10-14T00:00:00Z,209044493252508647424.00
2021-10-15T00:00:00Z,209044493252508647424.00
2021-10-16T00:00:00Z,208541350752508641280.00
2021-10-17T00:00:00Z,208541350752508641280.00
2021-10-18T00:00:00Z,208541350752508641280.00
2021-10-19T00:00:00Z,208541350752508641280.00
2021-10-20T00:00:00Z,208541350752508641280.00
2021-10-21T00:00:00Z,208541350752508641280.00
2021-10-22T00:00:00Z,208541350752508641280.00
2021-10-23T00:00:00Z,208335850752508624896.00
2021-10-24T00:00:00Z,208335850752508624896.00
2021-10-25T00:00:00Z,208335850752508624896.00
2021-10-26T00:00:00Z,208335850752508624896.00
2021-10-27T00:00:00Z,208335850752508624896.00
2021-10-28T00:00:00Z,208335850752508624896.00
2021-10-29T00:00:00Z,208335850752508624896.00
2021-10-30T00:00:00Z,208197688188308652032.00
2021-10-31T00:00:00Z,208197688188308652032.00
2021-11-01T00:00:00Z,208197688188308652032.00
2021-11-02T00:00:00Z,208197688188308652032.00
2021-11-03T00:00:00Z,208197688188308652032.00
2021-11-04T00:00:00Z,208197688188308652032.00
2021-11-05T00:00:00Z,208197688188308652032.00
2021-11-06T00:00:00Z,203947688188308652032.00
2021-11-07T00:00:00Z,203947688188308652032.00
2021-11-08T00:00:00Z,203947688188308652032.00
2021-11-09T00:00:00Z,203947688188308652032.00
2021-11-10T00:00:00Z,203947688188308652032.00
2021-11-11T00:00:00Z,203947688188308652032.00
2021-11-12T00:00:00Z,203947688188308652032.00
2021-11-13T00:00:00Z,203585703722408640512.00
2021-11-14T00:00:00Z,203585703722408640512.00
2021-11-15T00:00:00Z,203585703722408640512.00
2021-11-16T00:00:00Z,203585703722408640512.00
2021-11-17T00:00:00Z,203585703722408640512.00
2021-11-18T00:00:00Z,203585703722408640512.00
2021-11-19T00:00:00Z,203585703722408640512.00
2021-11-20T00:00:00Z,203529803722408624128.00
2021-11-21T00:00:00Z,203529803722408624128.00
2021-11-22T00:00:00Z,203529803722408624128.00
2021-11-23T00:00:00Z,203529803722408624128.00
2021-11-24T00:00:00Z,203529803722408624128.00
2021-11-25T00:00:00Z,203529803722408624128.00
2021-11-26T00:00:00Z,203529803722408624128.00
2021-11-27T00:00:00Z,203529803722408624128.00
2021-11-28T00:00:00Z,203401316219308638208.00
2021-11-29T00:00:00Z,203401316219308638208.00
2021-11-30T00:00:00Z,203401316219308638208.00
2021-12-01T00:00:00Z,203401316219308638208.00
2021-12-02T00:00:00Z,203401316219308638208.00
2021-12-03T00:00:00Z,203401316219308638208.00
2021-12-04T00:00:00Z,203401316219308638208.00
2021-12-05T00:00:00Z,203401316219308638208.00
2021-12-06T00:00:00Z,203401316219308638208.00
2021-12-07T00:00:00Z,203401316219308638208.00
2021-12-08T00:00:00Z,203401316219308638208.00
2021-12-09T00:00:00Z,203401316219308638208.00
2021-12-10T00:00:00Z,203401316219308638208.00
2021-12-11T00:00:00Z,199360902219308662784.00
2021-12-12T00:00:00Z,199360902219308662784.00
2021-12-13T00:00:00Z,199360902219308662784.00
2021-12-14T00:00:00Z,199360902219308662784.00
2021-12-15T00:00:00Z,199210902219308630016.00
2021-12-16T00:00:00Z,199210902219308630016.00
2021-12-17T00:00:00Z,199210902219308630016.00
2021-12-18T00:00:00Z,199210902219308630016.00
2021-12-19T00:00:00Z,199210902219308630016.00
2021-12-20T00:00:00Z,199210902219308630016.00
2021-12-21T00:00:00Z,199210902219308630016.00
2021-12-22T00:00:00Z,199210902219308630016.00
2021-12-23T00:00:00Z,199210902219308630016.00
2021-12-24T00:00:00Z,199160902219308630016.00
2021-12-25T00:00:00Z,199160902219308630016.00
2021-12-26T00:00:00Z,199160902219308630016.00
2021-12-27T00:00:00Z,199160902219308630016.00
2021-12-28T00:00:00Z,199160902219308630016.00
2021-12-29T00:00:00Z,198915312219308654592.00
2021-12-30T00:00:00Z,198915312219308654592.00
2021-12-31T00:00:00Z,198915312219308654592.00
2022-01-01T00:00:00Z,198915312219308654592.00
2022-01-02T00:00:00Z,198915312219308654592.00
2022-01-03T00:00:00Z,198915312219308654592.00
2022-01-04T00:00:00Z,198915312219308654592.00
2022-01-05T00:00:00Z,198915312219308654592.00
2022-01-06T00:00:00Z,198915312219308654592.00
2022-01-07T00:00:00Z,198915312219308654592.00
2022-01-08T00:00:00Z,195371042219308646400.00
2022-01-09T00:00:00Z,195371042219308646400.00
2022-01-10T00:00:00Z,195371042219308646400.00
2022-01-11T00:00:00Z,195371042219308646400.00
2022-01-12T00:00:00Z,195371042219308646400.00
2022-01-13T00:00:00Z,195371042219308646400.00
2022-01-14T00:00:00Z,194876042219308646400.00
2022-01-15T00:00:00Z,194876042219308646400.00
2022-01-16T00:00:00Z,194876042219308646400.00
2022-01-17T00:00:00Z,194836042219308613632.00
2022-01-18T00:00:00Z,194836042219308613632.00
2022-01-19T00:00:00Z,194586042219308646400.00
2022-01-20T00:00:00Z,194586042219308646400.00
2022-01-21T00:00:00Z,194586042219308646400.00
2022-01-22T00:00:00Z,194424597219308634112.00
2022-01-23T00:00:00Z,194374597219308634112.00
2022-01-24T00:00:00Z,194154597219308666880.00
2022-01-25T00:00:00Z,194154597219308666880.00
2022-01-26T00:00:00Z,194154597219308666880.00
2022-01-27T00:00:00Z,194154597219308666880.00
2022-01-28T00:00:00Z,194154597219308666880.00
2022-01-29T00:00:00Z,194154597219308666880.00
2022-01-30T00:00:00Z,193999441347264413696.00
2022-01-31T00:00:00Z,193699441347264413696.00
2022-02-01T00:00:00Z,193699441347264413696.00
2022-02-02T00:00:00Z,193539441347264446464.00
2022-02-03T00:00:00Z,193539441347264446464.00
2022-02-04T00:00:00Z,193539441347264446464.00
2022-02-05T00:00:00Z,193289441347264446464.00
2022-02-06T00:00:00Z,193289441347264446464.00
2022-02-07T00:00:00Z,193289441347264446464.00
2022-02-08T00:00:00Z,190289441347264413696.00
2022-02-09T00:00:00Z,189584163347264438272.00
2022-02-10T00:00:00Z,189584163347264438272.00
2022-02-11T00:00:00Z,189584163347264438272.00
2022-02-12T00:00:00Z,189584163347264438272.00
2022-02-13T00:00:00Z,189584163347264438272.00
2022-02-14T00:00:00Z,189584163347264438272.00
2022-02-15T00:00:00Z,189524163347264438272.00
2022-02-16T00:00:00Z,189454163347264438272.00
2022-02-17T00:00:00Z,189454163347264438272.00
2022-02-18T00:00:00Z,189204163347264438272.00
2022-02-19T00:00:00Z,188855815347264421888.00
2022-02-20T00:00:00Z,188855815347264421888.00
2022-02-21T00:00:00Z,188555815347264421888.00
2022-02-22T00:00:00Z,188245815347264454656.00
2022-02-23T00:00:00Z,188245815347264454656.00
2022-02-24T00:00:00Z,188246715347264438272.00
2022-02-25T00:00:00Z,188246715347264438272.00
2022-02-26T00:00:00Z,188246715347264438272.00
2022-02-27T00:00:00Z,188246715347264438272.00
2022-02-28T00:00:00Z,188246715347264438272.00
2022-03-01T00:00:00Z,188246715347264438272.00
2022-03-02T00:00:00Z,188246715347264438272.00
2022-03-03T00:00:00Z,188246715347264438272.00
2022-03-04T00:00:00Z,188246715347264438272.00
2022-03-05T00:00:00Z,187459633347264446464.00
2022-03-06T00:00:00Z,187459633347264446464.00
2022-03-07T00:00:00Z,187459633347264446464.00
2022-03-08T00:00:00Z,187419633347264413696.00
2022-03-09T00:00:00Z,186614633347264446464.00
2022-03-10T00:00:00Z,184114633347264446464.00
2022-03-11T00:00:00Z,184114633347264446464.00
2022-03-12T00:00:00Z,184064633347264446464.00
2022-03-13T00:00:00Z,184064633347264446464.00
2022-03-14T00:00:00Z,184064633347264446464.00
2022-03-15T00:00:00Z,184064633347264446464.00
2022-03-16T00:00:00Z,184064633347264446464.00
2022-03-17T00:00:00Z,184064633347264446464.00
2022-03-18T00:00:00Z,183339633347264446464.00
2022-03-19T00:00:00Z,182606271347264454656.00
2022-03-20T00:00:00Z,182606271347264454656.00
2022-03-21T00:00:00Z,182606271347264454656.00
2022-03-22T00:00:00Z,182606271347264454656.00
2022-03-23T00:00:00Z,182606271347264454656.00
2022-03-24T00:00:00Z,182606271347264454656.00
2022-03-25T00:00:00Z,182606271347264454656.00
2022-03-26T00:00:00Z,182086271347264421888.00
2022-03-27T00:00:00Z,182086271347264421888.00
2022-03-28T00:00:00Z,182086271347264421888.00
2022-03-29T00:00:00Z,182041271347264421888.00
2022-03-30T00:00:00Z,182041271347264421888.00
2022-03-31T00:00:00Z,182041271347264421888.00
2022-04-01T00:00:00Z,182041271347264421888.00
2022-04-02T00:00:00Z,182041271347264421888.00
2022-04-03T00:00:00Z,182041271347264421888.00
2022-04-04T00:00:00Z,181541271347264421888.00
2022-04-05T00:00:00Z,181511271347264421888.00
2022-04-06T00:00:00Z,180109611347264438272.00
2022-04-07T00:00:00Z,180109611347264438272.00
2022-04-08T00:00:00Z,180109611347264438272.00
2022-04-09T00:00:00Z,178331321457264427008.00
2022-04-10T00:00:00Z,178331321457264427008.00
2022-04-11T00:00:00Z,178031321457264427008.00
2022-04-12T00:00:00Z,177531321457264427008.00
2022-04-13T00:00:00Z,177531321457264427008.00
2022-04-14T00:00:00Z,177531321457264427008.00
2022-04-15T00:00:00Z,177531321457264427008.00
2022-04-16T00:00:00Z,177461321457264427008.00
2022-04-17T00:00:00Z,177441321457264427008.00
2022-04-18T00:00:00Z,176941321457264459776.00
2022-04-19T00:00:00Z,176573491147264458752.00
2022-04-20T00:00:00Z,176491348290121564160.00
2022-04-21T00:00:00Z,176491348290121564160.00
2022-04-22T00:00:00Z,176491348290121564160.00
2022-04-23T00:00:00Z,176491348290121564160.00
2022-04-24T00:00:00Z,176491348290121564160.00
2022-04-25T00:00:00Z,176491348290121564160.00
2022-04-26T00:00:00Z,176491348290121564160.00
2022-04-27T00:00:00Z,176491348290121564160.00
2022-04-28T00:00:00Z,176271348290121596928.00
2022-04-29T00:00:00Z,175771348290121564160.00
2022-04-30T00:00:00Z,175121348290121564160.00
2022-05-01T00:00:00Z,175121348290121564160.00
2022-05-02T00:00:00Z,174740168723513606144.00
2022-05-03T00:00:00Z,174740168723513606144.00
2022-05-04T00:00:00Z,174740168723513606144.00
2022-05-05T00:00:00Z,174740168723513606144.00
2022-05-06T00:00:00Z,174740168723513606144.00
2022-05-07T00:00:00Z,174540168723513573376.00
2022-05-08T00:00:00Z,174540168723513573376.00
2022-05-09T00:00:00Z,174540168723513573376.00
2022-05-10T00:00:00Z,172700168723513573376.00
2022-05-11T00:00:00Z,172700168723513573376.00
2022-05-12T00:00:00Z,172700168723513573376.00
2022-05-13T00:00:00Z,171705168723513573376.00
2022-05-14T00:00:00Z,171705168723513573376.00
2022-05-15T00:00:00Z,171705168723513573376.00
2022-05-16T00:00:00Z,171205168723513573376.00
2022-05-17T00:00:00Z,170538399173513576448.00
2022-05-18T00:00:00Z,170538399173513576448.00
2022-05-19T00:00:00Z,170538399173513576448.00
2022-05-20T00:00:00Z,170038399173513609216.00
2022-05-21T00:00:00Z,168038399173513576448.00
2022-05-22T00:00:00Z,168038399173513576448.00
2022-05-23T00:00:00Z,167988399173513576448.00
2022-05-24T00:00:00Z,167988399173513576448.00
2022-05-25T00:00:00Z,167988399173513576448.00
2022-05-26T00:00:00Z,167988399173513576448.00
2022-05-27T00:00:00Z,167988399173513576448.00
2022-05-28T00:00:00Z,167988399173513576448.00
2022-05-29T00:00:00Z,167988399173513576448.00
2022-05-30T00:00:00Z,167988399173513576448.00
2022-05-31T00:00:00Z,167157001843513556992.00
2022-06-01T00:00:00Z,167157001843513556992.00
2022-06-02T00:00:00Z,167155071683513581568.00
2022-06-03T00:00:00Z,167005071683513581568.00
2022-06-04T00:00:00Z,167005071683513581568.00
2022-06-05T00:00:00Z,167005071683513581568.00
2022-06-06T00:00:00Z,167005071683513581568.00
2022-06-07T00:00:00Z,166930051543513595904.00
2022-06-08T00:00:00Z,164430051543513563136.00
2022-06-09T00:00:00Z,163483309543513554944.00
2022-06-10T00:00:00Z,163483309543513554944.00
2022-06-11T00:00:00Z,163358309543513587712.00
2022-06-12T00:00:00Z,163263158103513563136.00
2022-06-13T00:00:00Z,163263158103513563136.00
2022-06-14T00:00:00Z,163263158103513563136.00
2022-06-15T00:00:00Z,163263158103513563136.00
2022-06-16T00:00:00Z,163263158103513563136.00
2022-06-17T00:00:00Z,162263158103513595904.00
2022-06-18T00:00:00Z,162263158103513595904.00
2022-06-19T00:00:00Z,162263158103513595904.00
2022-06-20T00:00:00Z,162263158103513595904.00
2022-06-21T00:00:00Z,162263158103513595904.00
2022-06-22T00:00:00Z,162263158103513595904.00
2022-06-23T00:00:00Z,162188158103513595904.00
2022-06-24T00:00:00Z,162188158103513595904.00
2022-06-25T00:00:00Z,161828158103513595904.00
2022-06-26T00:00:00Z,161828158103513595904.00
2022-06-27T00:00:00Z,161792090603513577472.00
2022-06-28T00:00:00Z,161792090603513577472.00
2022-06-29T00:00:00Z,161792090603513577472.00
2022-06-30T00:00:00Z,161792090603513577472.00
2022-07-01T00:00:00Z,161342090603513577472.00
2022-07-02T00:00:00Z,161342090603513577472.00
2022-07-03T00:00:00Z,161342090603513577472.00
2022-07-04T00:00:00Z,161242090603513577472.00
2022-07-05T00:00:00Z,161242090603513577472.00
2022-07-06T00:00:00Z,161242090603513577472.00
2022-07-07T00:00:00Z,160437090832136142848.00
2022-07-08T00:00:00Z,157937090832136175616.00
2022-07-09T00:00:00Z,157937090832136175616.00
2022-07-10T00:00:00Z,157937090832136175616.00
2022-07-11T00:00:00Z,157937090832136175616.00
2022-07-12T00:00:00Z,157903623722136174592.00
2022-07-13T00:00:00Z,157903623722136174592.00
2022-07-14T00:00:00Z,157903623722136174592.00
2022-07-15T00:00:00Z,157903623722136174592.00
2022-07-16T00:00:00Z,157903623722136174592.00
2022-07-17T00:00:00Z,157903623722136174592.00
2022-07-18T00:00:00Z,157803623722136174592.00
2022-07-19T00:00:00Z,157803623722136174592.00
2022-07-20T00:00:00Z,157803623722136174592.00
2022-07-21T00:00:00Z,157803623722136174592.00
2022-07-22T00:00:00Z,157803623722136174592.00
2022-07-23T00:00:00Z,157803623722136174592.00
2022-07-24T00:00:00Z,157803623722136174592.00
2022-07-25T00:00:00Z,157803623722136174592.00
2022-07-26T00:00:00Z,157803632498826936320.00
2022-07-27T00:00:00Z,157792557058826928128.00
2022-07-28T00:00:00Z,157792557058826928128.00
2022-07-29T00:00:00Z,157792557058826928128.00
2022-07-30T00:00:00Z,157792557058826928128.00
2022-07-31T00:00:00Z,157792557058826928128.00
2022-08-01T00:00:00Z,157692557058826928128.00
2022-08-02T00:00:00Z,157692557058826928128.00
2022-08-03T00:00:00Z,157692557058826928128.00
2022-08-04T00:00:00Z,157692557058826928128.00
2022-08-05T00:00:00Z,157692557058826928128.00
2022-08-06T00:00:00Z,155192557058826960896.00
2022-08-07T00:00:00Z,155192557058826960896.00
2022-08-08T00:00:00Z,155192557058826960896.00
2022-08-09T00:00:00Z,155192557058826960896.00
2022-08-10T00:00:00Z,155192557058826960896.00
2022-08-11T00:00:00Z,155192557058826960896.00
2022-08-12T00:00:00Z,154159196338826936320.00
2022-08-13T00:00:00Z,154159196338826936320.00
2022-08-14T00:00:00Z,154159196338826936320.00
2022-08-15T00:00:00Z,154159196338826936320.00
2022-08-16T00:00:00Z,154159196338826936320.00
2022-08-17T00:00:00Z,154159196338826936320.00
2022-08-18T00:00:00Z,154159196338826936320.00
2022-08-19T00:00:00Z,154059196338826936320.00
2022-08-20T00:00:00Z,143992179018826924032.00
2022-08-21T00:00:00Z,143992179018826924032.00
2022-08-22T00:00:00Z,143992179018826924032.00
2022-08-23T00:00:00Z,143992179018826924032.00
2022-08-24T00:00:00Z,143968758148826939392.00
2022-08-25T00:00:00Z,143968758148826939392.00
2022-08-26T00:00:00Z,143968758148826939392.00
2022-08-27T00:00:00Z,143868758148826939392.00
2022-08-28T00:00:00Z,143868758148826939392.00
2022-08-29T00:00:00Z,143868758148826939392.00
2022-08-30T00:00:00Z,143868758148826939392.00
2022-08-31T00:00:00Z,143868758148826939392.00
2022-09-01T00:00:00Z,143868758148826939392.00
2022-09-02T00:00:00Z,143868758148826939392.00
2022-09-03T00:00:00Z,142552838148826939392.00
2022-09-04T00:00:00Z,142552838148826939392.00
2022-09-05T00:00:00Z,140052838148826939392.00
2022-09-06T00:00:00Z,140030025308826927104.00
2022-09-07T00:00:00Z,140030025308826927104.00
2022-09-08T00:00:00Z,140030025308826927104.00
2022-09-09T00:00:00Z,139930025308826943488.00
2022-09-10T00:00:00Z,139930025308826943488.00
2022-09-11T00:00:00Z,139930025308826943488.00
2022-09-12T00:00:00Z,139930025308826943488.00
2022-09-13T00:00:00Z,139930025308826943488.00
2022-09-15T00:00:00Z,139930025308826943488.00
2022-09-16T00:00:00Z,139930025308826943488.00
2022-09-17T00:00:00Z,139930025308826943488.00
2022-09-18T00:00:00Z,139930025308826943488.00
2022-09-19T00:00:00Z,139930025308826943488.00
2022-09-20T00:00:00Z,139905993488826925056.00
2022-09-21T00:00:00Z,139905993488826925056.00
2022-09-22T00:00:00Z,139905993488826925056.00
2022-09-23T00:00:00Z,139905993488826925056.00
2022-09-24T00:00:00Z,139905993488826925056.00
2022-09-25T00:00:00Z,139805993488826925056.00
2022-09-26T00:00:00Z,139805993488826925056.00
2022-09-27T00:00:00Z,139805993488826925056.00
2022-09-28T00:00:00Z,139805993488826925056.00
2022-09-29T00:00:00Z,139805993488826925056.00
2022-09-30T00:00:00Z,139805993488826925056.00
2022-10-01T00:00:00Z,139805993488826925056.00
2022-10-02T00:00:00Z,139805993488826925056.00
2022-10-03T00:00:00Z,139805993488826925056.00
2022-10-04T00:00:00Z,139716384938826940416.00
2022-10-05T00:00:00Z,139716384938826940416.00
2022-10-06T00:00:00Z,139716384938826940416.00
2022-10-07T00:00:00Z,137716384938826940416.00
2022-10-08T00:00:00Z,137001384938826940416.00
2022-10-09T00:00:00Z,137001384938826940416.00
2022-10-10T00:00:00Z,136215384938826940416.00
2022-10-11T00:00:00Z,136215384938826940416.00
2022-10-12T00:00:00Z,136215384938826940416.00
2022-10-13T00:00:00Z,136215384938826940416.00
2022-10-14T00:00:00Z,136215384938826940416.00
2022-10-15T00:00:00Z,136215384938826940416.00
2022-10-16T00:00:00Z,136215384938826940416.00
2022-10-17T00:00:00Z,136215384938826940416.00
2022-10-18T00:00:00Z,136051526358826926080.00
2022-10-19T00:00:00Z,136051526358826926080.00
2022-10-20T00:00:00Z,136042076358826934272.00
2022-10-21T00:00:00Z,135942076358826934272.00
2022-10-22T00:00:00Z,135942076358826934272.00
2022-10-23T00:00:00Z,135942076358826934272.00
2022-10-24T00:00:00Z,135942076358826934272.00
2022-10-25T00:00:00Z,135942076358826934272.00
2022-10-26T00:00:00Z,135942076358826934272.00
2022-10-27T00:00:00Z,135942076358826934272.00
2022-10-28T00:00:00Z,135942076358826934272.00
2022-10-29T00:00:00Z,135760948308826947584.00
2022-10-30T00:00:00Z,135760948308826947584.00
2022-10-31T00:00:00Z,135760948308826947584.00
2022-11-01T00:00:00Z,135760948308826947584.00
2022-11-02T00:00:00Z,134593063828826947584.00
2022-11-03T00:00:00Z,134593063828826947584.00
2022-11-04T00:00:00Z,134593063828826947584.00
2022-11-05T00:00:00Z,132893063828826931200.00
2022-11-06T00:00:00Z,132893063828826931200.00
2022-11-07T00:00:00Z,132893063828826931200.00
2022-11-08T00:00:00Z,132893063828826931200.00
2022-11-09T00:00:00Z,132893063828826931200.00
2022-11-10T00:00:00Z,132893063828826931200.00
2022-11-11T00:00:00Z,132096063828826931200.00
2022-11-12T00:00:00Z,132096063828826931200.00
2022-11-13T00:00:00Z,132096063828826931200.00
2022-11-14T00:00:00Z,132096063828826931200.00
2022-11-15T00:00:00Z,131949976368826941440.00
2022-11-16T00:00:00Z,131949976368826941440.00
2022-11-17T00:00:00Z,131949976368826941440.00
2022-11-18T00:00:00Z,131949976368826941440.00
2022-11-19T00:00:00Z,131552250368826933248.00
2022-11-20T00:00:00Z,131552250368826933248.00
2022-11-21T00:00:00Z,131552250368826933248.00
2022-11-22T00:00:00Z,131552250368826933248.00
2022-11-23T00:00:00Z,131552250368826933248.00
2022-11-24T00:00:00Z,131552250368826933248.00
2022-11-25T00:00:00Z,131552250368826933248.00
2022-11-26T00:00:00Z,131552250368826933248.00
2022-11-27T00:00:00Z,131552250368826933248.00
2022-11-28T00:00:00Z,131552250368826933248.00
2022-11-29T00:00:00Z,131552250368826933248.00
2022-11-30T00:00:00Z,131552250368826933248.00
2022-12-01T00:00:00Z,131435404928826933248.00
2022-12-02T00:00:00Z,130924904928826933248.00
2022-12-03T00:00:00Z,130924904928826933248.00
2022-12-04T00:00:00Z,130924904928826933248.00
2022-12-05T00:00:00Z,129224904928826933248.00
2022-12-06T00:00:00Z,129224904928826933248.00
2022-12-07T00:00:00Z,128759904928826933248.00
2022-12-08T00:00:00Z,128759904928826933248.00
2022-12-09T00:00:00Z,128759904928826933248.00
2022-12-10T00:00:00Z,128759904928826933248.00
2022-12-11T00:00:00Z,128759904928826933248.00
2022-12-12T00:00:00Z,128759904928826933248.00
2022-12-13T00:00:00Z,128759904928826933248.00
2022-12-14T00:00:00Z,128712357828826939392.00
2022-12-15T00:00:00Z,128712357828826939392.00
2022-12-16T00:00:00Z,128712357828826939392.00
2022-12-17T00:00:00Z,128412357828826939392.00
2022-12-18T00:00:00Z,128412357828826939392.00
2022-12-19T00:00:00Z,128412357828826939392.00
2022-12-20T00:00:00Z,128412357828826939392.00
2022-12-21T00:00:00Z,128412357828826939392.00
2022-12-22T00:00:00Z,128412357828826939392.00
2022-12-23T00:00:00Z,128412357828826939392.00
2022-12-24T00:00:00Z,128412357828826939392.00
2022-12-25T00:00:00Z,128412357828826939392.00
2022-12-26T00:00:00Z,128412357828826939392.00
2022-12-27T00:00:00Z,128412357828826939392.00
2022-12-28T00:00:00Z,128412357828826939392.00
2022-12-29T00:00:00Z,128412357828826939392.00
2022-12-30T00:00:00Z,128412357828826939392.00
2022-12-31T00:00:00Z,128412357828826939392.00
2023-01-01T00:00:00Z,128322510418826936320.00
2023-01-02T00:00:00Z,128322510418826936320.00
2023-01-03T00:00:00Z,126347510418826936320.00
2023-01-04T00:00:00Z,126347510418826936320.00
2023-01-05T00:00:00Z,126347510418826936320.00
2023-01-06T00:00:00Z,126347510418826936320.00
2023-01-07T00:00:00Z,126347510418826936320.00
2023-01-08T00:00:00Z,126347510418826936320.00
2023-01-09T00:00:00Z,126347510418826936320.00
2023-01-10T00:00:00Z,126347510418826936320.00
2023-01-11T00:00:00Z,126347510418826936320.00
2023-01-12T00:00:00Z,126050510418826936320.00
2023-01-13T00:00:00Z,126050510418826936320.00
2023-01-14T00:00:00Z,126050510418826936320.00
2023-01-15T00:00:00Z,126050510418826936320.00
2023-01-16T00:00:00Z,126050510418826936320.00
2023-01-17T00:00:00Z,126050510418826936320.00
2023-01-18T00:00:00Z,126050510418826936320.00
2023-01-19T00:00:00Z,126050510418826936320.00
2023-01-20T00:00:00Z,126050510418826936320.00
2023-01-21T00:00:00Z,126050510418826936320.00
2023-01-22T00:00:00Z,126050510418826936320.00
2023-01-23T00:00:00Z,125995427400056406016.00
2023-01-24T00:00:00Z,125995427400056406016.00
2023-01-25T00:00:00Z,125995427400056406016.00
2023-01-26T00:00:00Z,125995427400056406016.00
2023-01-27T00:00:00Z,125995427400056406016.00
2023-01-28T00:00:00Z,125845427400056406016.00
2023-01-29T00:00:00Z,125845427400056406016.00
2023-01-30T00:00:00Z,125845427400056406016.00
